node_idx,op,type,ne,decoded_params,src_refs,block_idx,macro_op_id,macro_kind
0,GET_ROWS,f32,5120x1x1x1,,l0;l1,pre,0,embed_lookup
1,RMS_NORM,f32,5120x1x1x1,eps=9.999999975e-07,l2,0,2,rmsnorm
2,MUL,f32,5120x1x1x1,,n1;l3,0,2,rmsnorm
3,RESHAPE,f32,30720x1x1x1,,l4,0,3,conv_state_shift
4,VIEW,f32,0x1x1x1,offset=0,n3,0,3,conv_state_shift
5,SCALE,f32,0x1x1x1,scale=0 bias=0,n4,0,3,conv_state_shift
6,VIEW,i32,1x1x1x1,offset=0,l5,pre,1,rs_index_setup
7,GET_ROWS,f32,30720x1x1x1,,n3;l6,0,3,conv_state_shift
8,VIEW,i32,0x1x1x1,offset=4,l5,pre,1,rs_index_setup
9,GET_ROWS,f32,30720x0x1x1,,n3;l7,0,3,conv_state_shift
10,VIEW,f32,30720x0x1x1,offset=122880,l4,0,3,conv_state_shift
11,CPY,f32,30720x0x1x1,,n9;n10,0,3,conv_state_shift
12,RESHAPE,f32,3x10240x1x1,,n7,0,3,conv_state_shift
13,MUL_MAT,f32,10240x1x1x1,,l8;n2,0,4,qkv_mmvq
14,RESHAPE,f32,10240x1x1x1,,n13,0,4,qkv_mmvq
15,TRANSPOSE,f32,1x10240x1x1,,n14,0,4,qkv_mmvq
16,CONCAT,f32,4x10240x1x1,dim=0,n12;n15,0,5,conv_concat_store
17,VIEW,f32,3x10240x1x1,offset=4,n16,0,5,conv_concat_store
18,VIEW,f32,30720x1x1x1,offset=0,l4,0,5,conv_concat_store
19,CPY,f32,30720x1x1x1,,n17;n18,0,5,conv_concat_store
20,RESHAPE,f32,786432x1x1x1,,l9,0,6,ssm_state_fetch
21,VIEW,f32,0x1x1x1,offset=0,n20,0,6,ssm_state_fetch
22,SCALE,f32,0x1x1x1,scale=0 bias=0,n21,0,6,ssm_state_fetch
23,GET_ROWS,f32,786432x1x1x1,,n20;l6,0,6,ssm_state_fetch
24,GET_ROWS,f32,786432x0x1x1,,n20;l7,0,6,ssm_state_fetch
25,VIEW,f32,786432x0x1x1,offset=3145728,l9,0,6,ssm_state_fetch
26,CPY,f32,786432x0x1x1,,n24;n25,0,6,ssm_state_fetch
27,SSM_CONV,f32,10240x1x1x1,,n16;l10,0,7,ssm_conv_silu
28,UNARY,f32,10240x1x1x1,unary=silu(10),n27,0,7,ssm_conv_silu
29,VIEW,f32,128x16x1x1,offset=0,n28,0,8,qk_l2norm
30,L2_NORM,f32,128x16x1x1,eps=9.999999975e-07,n29,0,8,qk_l2norm
31,VIEW,f32,128x16x1x1,offset=8192,n28,0,8,qk_l2norm
32,L2_NORM,f32,128x16x1x1,eps=9.999999975e-07,n31,0,8,qk_l2norm
33,VIEW,f32,128x48x1x1,offset=16384,n28,0,8,qk_l2norm
34,MUL_MAT,f32,48x1x1x1,,l11;n2,0,9,gdn_gates
35,RESHAPE,f32,48x1x1x1,,n34,0,9,gdn_gates
36,ADD,f32,48x1x1x1,,n35;l12,0,9,gdn_gates
37,UNARY,f32,48x1x1x1,unary=softplus(15),n36,0,9,gdn_gates
38,MUL,f32,48x1x1x1,,n37;l13,0,9,gdn_gates
39,RESHAPE,f32,1x48x1x1,,n38,0,9,gdn_gates
40,MUL_MAT,f32,48x1x1x1,,l14;n2,0,9,gdn_gates
41,RESHAPE,f32,1x48x1x1,,n40,0,9,gdn_gates
42,UNARY,f32,1x48x1x1,unary=sigmoid(7),n41,0,9,gdn_gates
43,RESHAPE,f32,128x128x48x1,,n23,0,6,ssm_state_fetch
44,RESHAPE,f32,786432x1x1x1,,n43,0,6,ssm_state_fetch
45,GATED_DELTA_NET,f32,6144x129x1x1,,n30;n32;n33;n39;n42;n44,0,10,deltanet_step
46,VIEW,f32,128x128x48x1,offset=24576,n45,0,11,ssm_state_store
47,VIEW,f32,786432x1x1x1,offset=0,l9,0,11,ssm_state_store
48,CPY,f32,786432x1x1x1,,n46;n47,0,11,ssm_state_store
49,VIEW,f32,128x48x1x1,offset=0,n45,0,12,gated_out_norm
50,RMS_NORM,f32,128x48x1x1,eps=9.999999975e-07,n49,0,12,gated_out_norm
51,MUL,f32,128x48x1x1,,n50;l15,0,12,gated_out_norm
52,MUL_MAT,f32,6144x1x1x1,,l16;n2,0,12,gated_out_norm
53,RESHAPE,f32,128x48x1x1,,n52,0,12,gated_out_norm
54,UNARY,f32,128x48x1x1,unary=silu(10),n53,0,12,gated_out_norm
55,MUL,f32,128x48x1x1,,n51;n54,0,12,gated_out_norm
56,RESHAPE,f32,6144x1x1x1,,n55,0,12,gated_out_norm
57,MUL_MAT,f32,5120x1x1x1,,l17;n56,0,13,out_proj_ar16
58,RESHAPE,f32,5120x1x1x1,,n57,0,13,out_proj_ar16
59,ADD,f32,5120x1x1x1,,n58;l2,0,14,residual_add
60,RMS_NORM,f32,5120x1x1x1,eps=9.999999975e-07,n59,0,15,rmsnorm
61,MUL,f32,5120x1x1x1,,n60;l18,0,15,rmsnorm
62,MUL_MAT,f32,17408x1x1x1,,l19;n61,0,16,ffn_fused
63,MUL_MAT,f32,17408x1x1x1,,l20;n61,0,16,ffn_fused
64,GLU,f32,17408x1x1x1,glu=swiglu(2) swapped=0 alpha=0 limit=0,n62;n63,0,16,ffn_fused
65,MUL_MAT,f32,5120x1x1x1,,l21;n64,0,16,ffn_fused
66,ADD,f32,5120x1x1x1,,n65;n59,0,17,residual_add
67,RMS_NORM,f32,5120x1x1x1,eps=9.999999975e-07,n66,1,18,rmsnorm
68,MUL,f32,5120x1x1x1,,n67;l22,1,18,rmsnorm
69,RESHAPE,f32,30720x1x1x1,,l23,1,19,conv_state_shift
70,VIEW,f32,0x1x1x1,offset=0,n69,1,19,conv_state_shift
71,SCALE,f32,0x1x1x1,scale=0 bias=0,n70,1,19,conv_state_shift
72,GET_ROWS,f32,30720x1x1x1,,n69;l6,1,19,conv_state_shift
73,GET_ROWS,f32,30720x0x1x1,,n69;l7,1,19,conv_state_shift
74,VIEW,f32,30720x0x1x1,offset=122880,l23,1,19,conv_state_shift
75,CPY,f32,30720x0x1x1,,n73;n74,1,19,conv_state_shift
76,RESHAPE,f32,3x10240x1x1,,n72,1,19,conv_state_shift
77,MUL_MAT,f32,10240x1x1x1,,l24;n68,1,20,qkv_mmvq
78,RESHAPE,f32,10240x1x1x1,,n77,1,20,qkv_mmvq
79,TRANSPOSE,f32,1x10240x1x1,,n78,1,20,qkv_mmvq
80,CONCAT,f32,4x10240x1x1,dim=0,n76;n79,1,21,conv_concat_store
81,VIEW,f32,3x10240x1x1,offset=4,n80,1,21,conv_concat_store
82,VIEW,f32,30720x1x1x1,offset=0,l23,1,21,conv_concat_store
83,CPY,f32,30720x1x1x1,,n81;n82,1,21,conv_concat_store
84,RESHAPE,f32,786432x1x1x1,,l25,1,22,ssm_state_fetch
85,VIEW,f32,0x1x1x1,offset=0,n84,1,22,ssm_state_fetch
86,SCALE,f32,0x1x1x1,scale=0 bias=0,n85,1,22,ssm_state_fetch
87,GET_ROWS,f32,786432x1x1x1,,n84;l6,1,22,ssm_state_fetch
88,GET_ROWS,f32,786432x0x1x1,,n84;l7,1,22,ssm_state_fetch
89,VIEW,f32,786432x0x1x1,offset=3145728,l25,1,22,ssm_state_fetch
90,CPY,f32,786432x0x1x1,,n88;n89,1,22,ssm_state_fetch
91,SSM_CONV,f32,10240x1x1x1,,n80;l26,1,23,ssm_conv_silu
92,UNARY,f32,10240x1x1x1,unary=silu(10),n91,1,23,ssm_conv_silu
93,VIEW,f32,128x16x1x1,offset=0,n92,1,24,qk_l2norm
94,L2_NORM,f32,128x16x1x1,eps=9.999999975e-07,n93,1,24,qk_l2norm
95,VIEW,f32,128x16x1x1,offset=8192,n92,1,24,qk_l2norm
96,L2_NORM,f32,128x16x1x1,eps=9.999999975e-07,n95,1,24,qk_l2norm
97,VIEW,f32,128x48x1x1,offset=16384,n92,1,24,qk_l2norm
98,MUL_MAT,f32,48x1x1x1,,l27;n68,1,25,gdn_gates
99,RESHAPE,f32,48x1x1x1,,n98,1,25,gdn_gates
100,ADD,f32,48x1x1x1,,n99;l28,1,25,gdn_gates
101,UNARY,f32,48x1x1x1,unary=softplus(15),n100,1,25,gdn_gates
102,MUL,f32,48x1x1x1,,n101;l29,1,25,gdn_gates
103,RESHAPE,f32,1x48x1x1,,n102,1,25,gdn_gates
104,MUL_MAT,f32,48x1x1x1,,l30;n68,1,25,gdn_gates
105,RESHAPE,f32,1x48x1x1,,n104,1,25,gdn_gates
106,UNARY,f32,1x48x1x1,unary=sigmoid(7),n105,1,25,gdn_gates
107,RESHAPE,f32,128x128x48x1,,n87,1,22,ssm_state_fetch
108,RESHAPE,f32,786432x1x1x1,,n107,1,22,ssm_state_fetch
109,GATED_DELTA_NET,f32,6144x129x1x1,,n94;n96;n97;n103;n106;n108,1,26,deltanet_step
110,VIEW,f32,128x128x48x1,offset=24576,n109,1,27,ssm_state_store
111,VIEW,f32,786432x1x1x1,offset=0,l25,1,27,ssm_state_store
112,CPY,f32,786432x1x1x1,,n110;n111,1,27,ssm_state_store
113,VIEW,f32,128x48x1x1,offset=0,n109,1,28,gated_out_norm
114,RMS_NORM,f32,128x48x1x1,eps=9.999999975e-07,n113,1,28,gated_out_norm
115,MUL,f32,128x48x1x1,,n114;l31,1,28,gated_out_norm
116,MUL_MAT,f32,6144x1x1x1,,l32;n68,1,28,gated_out_norm
117,RESHAPE,f32,128x48x1x1,,n116,1,28,gated_out_norm
118,UNARY,f32,128x48x1x1,unary=silu(10),n117,1,28,gated_out_norm
119,MUL,f32,128x48x1x1,,n115;n118,1,28,gated_out_norm
120,RESHAPE,f32,6144x1x1x1,,n119,1,28,gated_out_norm
121,MUL_MAT,f32,5120x1x1x1,,l33;n120,1,29,out_proj_ar16
122,RESHAPE,f32,5120x1x1x1,,n121,1,29,out_proj_ar16
123,ADD,f32,5120x1x1x1,,n122;n66,1,30,residual_add
124,RMS_NORM,f32,5120x1x1x1,eps=9.999999975e-07,n123,1,31,rmsnorm
125,MUL,f32,5120x1x1x1,,n124;l34,1,31,rmsnorm
126,MUL_MAT,f32,17408x1x1x1,,l35;n125,1,32,ffn_fused
127,MUL_MAT,f32,17408x1x1x1,,l36;n125,1,32,ffn_fused
128,GLU,f32,17408x1x1x1,glu=swiglu(2) swapped=0 alpha=0 limit=0,n126;n127,1,32,ffn_fused
129,MUL_MAT,f32,5120x1x1x1,,l37;n128,1,32,ffn_fused
130,ADD,f32,5120x1x1x1,,n129;n123,1,33,residual_add
131,RMS_NORM,f32,5120x1x1x1,eps=9.999999975e-07,n130,2,34,rmsnorm
132,MUL,f32,5120x1x1x1,,n131;l38,2,34,rmsnorm
133,RESHAPE,f32,30720x1x1x1,,l39,2,35,conv_state_shift
134,VIEW,f32,0x1x1x1,offset=0,n133,2,35,conv_state_shift
135,SCALE,f32,0x1x1x1,scale=0 bias=0,n134,2,35,conv_state_shift
136,GET_ROWS,f32,30720x1x1x1,,n133;l6,2,35,conv_state_shift
137,GET_ROWS,f32,30720x0x1x1,,n133;l7,2,35,conv_state_shift
138,VIEW,f32,30720x0x1x1,offset=122880,l39,2,35,conv_state_shift
139,CPY,f32,30720x0x1x1,,n137;n138,2,35,conv_state_shift
140,RESHAPE,f32,3x10240x1x1,,n136,2,35,conv_state_shift
141,MUL_MAT,f32,10240x1x1x1,,l40;n132,2,36,qkv_mmvq
142,RESHAPE,f32,10240x1x1x1,,n141,2,36,qkv_mmvq
143,TRANSPOSE,f32,1x10240x1x1,,n142,2,36,qkv_mmvq
144,CONCAT,f32,4x10240x1x1,dim=0,n140;n143,2,37,conv_concat_store
145,VIEW,f32,3x10240x1x1,offset=4,n144,2,37,conv_concat_store
146,VIEW,f32,30720x1x1x1,offset=0,l39,2,37,conv_concat_store
147,CPY,f32,30720x1x1x1,,n145;n146,2,37,conv_concat_store
148,RESHAPE,f32,786432x1x1x1,,l41,2,38,ssm_state_fetch
149,VIEW,f32,0x1x1x1,offset=0,n148,2,38,ssm_state_fetch
150,SCALE,f32,0x1x1x1,scale=0 bias=0,n149,2,38,ssm_state_fetch
151,GET_ROWS,f32,786432x1x1x1,,n148;l6,2,38,ssm_state_fetch
152,GET_ROWS,f32,786432x0x1x1,,n148;l7,2,38,ssm_state_fetch
153,VIEW,f32,786432x0x1x1,offset=3145728,l41,2,38,ssm_state_fetch
154,CPY,f32,786432x0x1x1,,n152;n153,2,38,ssm_state_fetch
155,SSM_CONV,f32,10240x1x1x1,,n144;l42,2,39,ssm_conv_silu
156,UNARY,f32,10240x1x1x1,unary=silu(10),n155,2,39,ssm_conv_silu
157,VIEW,f32,128x16x1x1,offset=0,n156,2,40,qk_l2norm
158,L2_NORM,f32,128x16x1x1,eps=9.999999975e-07,n157,2,40,qk_l2norm
159,VIEW,f32,128x16x1x1,offset=8192,n156,2,40,qk_l2norm
160,L2_NORM,f32,128x16x1x1,eps=9.999999975e-07,n159,2,40,qk_l2norm
161,VIEW,f32,128x48x1x1,offset=16384,n156,2,40,qk_l2norm
162,MUL_MAT,f32,48x1x1x1,,l43;n132,2,41,gdn_gates
163,RESHAPE,f32,48x1x1x1,,n162,2,41,gdn_gates
164,ADD,f32,48x1x1x1,,n163;l44,2,41,gdn_gates
165,UNARY,f32,48x1x1x1,unary=softplus(15),n164,2,41,gdn_gates
166,MUL,f32,48x1x1x1,,n165;l45,2,41,gdn_gates
167,RESHAPE,f32,1x48x1x1,,n166,2,41,gdn_gates
168,MUL_MAT,f32,48x1x1x1,,l46;n132,2,41,gdn_gates
169,RESHAPE,f32,1x48x1x1,,n168,2,41,gdn_gates
170,UNARY,f32,1x48x1x1,unary=sigmoid(7),n169,2,41,gdn_gates
171,RESHAPE,f32,128x128x48x1,,n151,2,38,ssm_state_fetch
172,RESHAPE,f32,786432x1x1x1,,n171,2,38,ssm_state_fetch
173,GATED_DELTA_NET,f32,6144x129x1x1,,n158;n160;n161;n167;n170;n172,2,42,deltanet_step
174,VIEW,f32,128x128x48x1,offset=24576,n173,2,43,ssm_state_store
175,VIEW,f32,786432x1x1x1,offset=0,l41,2,43,ssm_state_store
176,CPY,f32,786432x1x1x1,,n174;n175,2,43,ssm_state_store
177,VIEW,f32,128x48x1x1,offset=0,n173,2,44,gated_out_norm
178,RMS_NORM,f32,128x48x1x1,eps=9.999999975e-07,n177,2,44,gated_out_norm
179,MUL,f32,128x48x1x1,,n178;l47,2,44,gated_out_norm
180,MUL_MAT,f32,6144x1x1x1,,l48;n132,2,44,gated_out_norm
181,RESHAPE,f32,128x48x1x1,,n180,2,44,gated_out_norm
182,UNARY,f32,128x48x1x1,unary=silu(10),n181,2,44,gated_out_norm
183,MUL,f32,128x48x1x1,,n179;n182,2,44,gated_out_norm
184,RESHAPE,f32,6144x1x1x1,,n183,2,44,gated_out_norm
185,MUL_MAT,f32,5120x1x1x1,,l49;n184,2,45,out_proj_ar16
186,RESHAPE,f32,5120x1x1x1,,n185,2,45,out_proj_ar16
187,ADD,f32,5120x1x1x1,,n186;n130,2,46,residual_add
188,RMS_NORM,f32,5120x1x1x1,eps=9.999999975e-07,n187,2,47,rmsnorm
189,MUL,f32,5120x1x1x1,,n188;l50,2,47,rmsnorm
190,MUL_MAT,f32,17408x1x1x1,,l51;n189,2,48,ffn_fused
191,MUL_MAT,f32,17408x1x1x1,,l52;n189,2,48,ffn_fused
192,GLU,f32,17408x1x1x1,glu=swiglu(2) swapped=0 alpha=0 limit=0,n190;n191,2,48,ffn_fused
193,MUL_MAT,f32,5120x1x1x1,,l53;n192,2,48,ffn_fused
194,ADD,f32,5120x1x1x1,,n193;n187,2,49,residual_add
195,RMS_NORM,f32,5120x1x1x1,eps=9.999999975e-07,n194,3,50,rmsnorm
196,MUL,f32,5120x1x1x1,,n195;l54,3,50,rmsnorm
197,MUL_MAT,f32,12288x1x1x1,,l55;n196,3,51,q_gemv_norm_rope
198,VIEW,f32,256x24x1x1,offset=0,n197,3,51,q_gemv_norm_rope
199,RMS_NORM,f32,256x24x1x1,eps=9.999999975e-07,n198,3,51,q_gemv_norm_rope
200,MUL,f32,256x24x1x1,,n199;l56,3,51,q_gemv_norm_rope
201,ROPE,f32,256x24x1x1,n_dims=64 mode=IMROPE(40) n_ctx_orig=262144 freq_base=10000000 freq_scale=1 ext_factor=0 attn_factor=1 beta_fast=32 beta_slow=1 sections=[11 11 10 0],n200;l57,3,51,q_gemv_norm_rope
202,MUL_MAT,f32,1024x1x1x1,,l58;n196,3,52,v_gemv
203,RESHAPE,f32,256x4x1x1,,n202,3,52,v_gemv
204,MUL_MAT,f32,1024x1x1x1,,l59;n196,3,53,k_gemv_norm_rope
205,RESHAPE,f32,256x4x1x1,,n204,3,53,k_gemv_norm_rope
206,RMS_NORM,f32,256x4x1x1,eps=9.999999975e-07,n205,3,53,k_gemv_norm_rope
207,MUL,f32,256x4x1x1,,n206;l60,3,53,k_gemv_norm_rope
208,ROPE,f32,256x4x1x1,n_dims=64 mode=IMROPE(40) n_ctx_orig=262144 freq_base=10000000 freq_scale=1 ext_factor=0 attn_factor=1 beta_fast=32 beta_slow=1 sections=[11 11 10 0],n207;l57,3,53,k_gemv_norm_rope
209,VIEW,f32,1024x1x1x1,offset=0,n208,3,54,kv_append
210,SET_ROWS,f16,1024x262144x1x1,,n209;l61;l62,3,54,kv_append
211,VIEW,f32,1024x1x1x1,offset=0,n203,3,54,kv_append
212,SET_ROWS,f16,1024x262144x1x1,,n211;l63;l64,3,54,kv_append
213,VIEW,f32,256x24x1x1,offset=0,n201,3,55,fattn_prep
214,PERMUTE,f32,256x1x24x1,axes=[0 2 1 3],n213,3,55,fattn_prep
215,VIEW,f16,256x4x33024x1,offset=0,l62,3,55,fattn_prep
216,PERMUTE,f16,256x33024x4x1,axes=[0 2 1 3],n215,3,55,fattn_prep
217,VIEW,f16,256x4x33024x1,offset=0,l64,3,55,fattn_prep
218,PERMUTE,f16,256x33024x4x1,axes=[0 2 1 3],n217,3,55,fattn_prep
219,CPY,f16,33024x1x1x1,,l65;l66,3,56,mask_convert
220,FLASH_ATTN_EXT,f32,256x24x1x1,scale=0.0625 max_bias=0 logit_softcap=0 prec=10,n214;n216;n218;n219,3,57,fattn_decode
221,RESHAPE,f32,6144x1x1x1,,n220,3,58,attn_gate_out
222,VIEW,f32,256x24x1x1,offset=1024,n197,3,58,attn_gate_out
223,CONT,f32,6144x1x1x1,,n222,3,58,attn_gate_out
224,UNARY,f32,6144x1x1x1,unary=sigmoid(7),n223,3,58,attn_gate_out
225,MUL,f32,6144x1x1x1,,n221;n224,3,58,attn_gate_out
226,MUL_MAT,f32,5120x1x1x1,,l67;n225,3,59,o_gemv
227,ADD,f32,5120x1x1x1,,n226;n194,3,60,residual_add
228,RMS_NORM,f32,5120x1x1x1,eps=9.999999975e-07,n227,3,61,rmsnorm
229,MUL,f32,5120x1x1x1,,n228;l68,3,61,rmsnorm
230,MUL_MAT,f32,17408x1x1x1,,l69;n229,3,62,ffn_fused
231,MUL_MAT,f32,17408x1x1x1,,l70;n229,3,62,ffn_fused
232,GLU,f32,17408x1x1x1,glu=swiglu(2) swapped=0 alpha=0 limit=0,n230;n231,3,62,ffn_fused
233,MUL_MAT,f32,5120x1x1x1,,l71;n232,3,62,ffn_fused
234,ADD,f32,5120x1x1x1,,n233;n227,3,63,residual_add
235,RMS_NORM,f32,5120x1x1x1,eps=9.999999975e-07,n234,4,64,rmsnorm
236,MUL,f32,5120x1x1x1,,n235;l72,4,64,rmsnorm
237,RESHAPE,f32,30720x1x1x1,,l73,4,65,conv_state_shift
238,VIEW,f32,0x1x1x1,offset=0,n237,4,65,conv_state_shift
239,SCALE,f32,0x1x1x1,scale=0 bias=0,n238,4,65,conv_state_shift
240,GET_ROWS,f32,30720x1x1x1,,n237;l6,4,65,conv_state_shift
241,GET_ROWS,f32,30720x0x1x1,,n237;l7,4,65,conv_state_shift
242,VIEW,f32,30720x0x1x1,offset=122880,l73,4,65,conv_state_shift
243,CPY,f32,30720x0x1x1,,n241;n242,4,65,conv_state_shift
244,RESHAPE,f32,3x10240x1x1,,n240,4,65,conv_state_shift
245,MUL_MAT,f32,10240x1x1x1,,l74;n236,4,66,qkv_mmvq
246,RESHAPE,f32,10240x1x1x1,,n245,4,66,qkv_mmvq
247,TRANSPOSE,f32,1x10240x1x1,,n246,4,66,qkv_mmvq
248,CONCAT,f32,4x10240x1x1,dim=0,n244;n247,4,67,conv_concat_store
249,VIEW,f32,3x10240x1x1,offset=4,n248,4,67,conv_concat_store
250,VIEW,f32,30720x1x1x1,offset=0,l73,4,67,conv_concat_store
251,CPY,f32,30720x1x1x1,,n249;n250,4,67,conv_concat_store
252,RESHAPE,f32,786432x1x1x1,,l75,4,68,ssm_state_fetch
253,VIEW,f32,0x1x1x1,offset=0,n252,4,68,ssm_state_fetch
254,SCALE,f32,0x1x1x1,scale=0 bias=0,n253,4,68,ssm_state_fetch
255,GET_ROWS,f32,786432x1x1x1,,n252;l6,4,68,ssm_state_fetch
256,GET_ROWS,f32,786432x0x1x1,,n252;l7,4,68,ssm_state_fetch
257,VIEW,f32,786432x0x1x1,offset=3145728,l75,4,68,ssm_state_fetch
258,CPY,f32,786432x0x1x1,,n256;n257,4,68,ssm_state_fetch
259,SSM_CONV,f32,10240x1x1x1,,n248;l76,4,69,ssm_conv_silu
260,UNARY,f32,10240x1x1x1,unary=silu(10),n259,4,69,ssm_conv_silu
261,VIEW,f32,128x16x1x1,offset=0,n260,4,70,qk_l2norm
262,L2_NORM,f32,128x16x1x1,eps=9.999999975e-07,n261,4,70,qk_l2norm
263,VIEW,f32,128x16x1x1,offset=8192,n260,4,70,qk_l2norm
264,L2_NORM,f32,128x16x1x1,eps=9.999999975e-07,n263,4,70,qk_l2norm
265,VIEW,f32,128x48x1x1,offset=16384,n260,4,70,qk_l2norm
266,MUL_MAT,f32,48x1x1x1,,l77;n236,4,71,gdn_gates
267,RESHAPE,f32,48x1x1x1,,n266,4,71,gdn_gates
268,ADD,f32,48x1x1x1,,n267;l78,4,71,gdn_gates
269,UNARY,f32,48x1x1x1,unary=softplus(15),n268,4,71,gdn_gates
270,MUL,f32,48x1x1x1,,n269;l79,4,71,gdn_gates
271,RESHAPE,f32,1x48x1x1,,n270,4,71,gdn_gates
272,MUL_MAT,f32,48x1x1x1,,l80;n236,4,71,gdn_gates
273,RESHAPE,f32,1x48x1x1,,n272,4,71,gdn_gates
274,UNARY,f32,1x48x1x1,unary=sigmoid(7),n273,4,71,gdn_gates
275,RESHAPE,f32,128x128x48x1,,n255,4,68,ssm_state_fetch
276,RESHAPE,f32,786432x1x1x1,,n275,4,68,ssm_state_fetch
277,GATED_DELTA_NET,f32,6144x129x1x1,,n262;n264;n265;n271;n274;n276,4,72,deltanet_step
278,VIEW,f32,128x128x48x1,offset=24576,n277,4,73,ssm_state_store
279,VIEW,f32,786432x1x1x1,offset=0,l75,4,73,ssm_state_store
280,CPY,f32,786432x1x1x1,,n278;n279,4,73,ssm_state_store
281,VIEW,f32,128x48x1x1,offset=0,n277,4,74,gated_out_norm
282,RMS_NORM,f32,128x48x1x1,eps=9.999999975e-07,n281,4,74,gated_out_norm
283,MUL,f32,128x48x1x1,,n282;l81,4,74,gated_out_norm
284,MUL_MAT,f32,6144x1x1x1,,l82;n236,4,74,gated_out_norm
285,RESHAPE,f32,128x48x1x1,,n284,4,74,gated_out_norm
286,UNARY,f32,128x48x1x1,unary=silu(10),n285,4,74,gated_out_norm
287,MUL,f32,128x48x1x1,,n283;n286,4,74,gated_out_norm
288,RESHAPE,f32,6144x1x1x1,,n287,4,74,gated_out_norm
289,MUL_MAT,f32,5120x1x1x1,,l83;n288,4,75,out_proj_ar16
290,RESHAPE,f32,5120x1x1x1,,n289,4,75,out_proj_ar16
291,ADD,f32,5120x1x1x1,,n290;n234,4,76,residual_add
292,RMS_NORM,f32,5120x1x1x1,eps=9.999999975e-07,n291,4,77,rmsnorm
293,MUL,f32,5120x1x1x1,,n292;l84,4,77,rmsnorm
294,MUL_MAT,f32,17408x1x1x1,,l85;n293,4,78,ffn_fused
295,MUL_MAT,f32,17408x1x1x1,,l86;n293,4,78,ffn_fused
296,GLU,f32,17408x1x1x1,glu=swiglu(2) swapped=0 alpha=0 limit=0,n294;n295,4,78,ffn_fused
297,MUL_MAT,f32,5120x1x1x1,,l87;n296,4,78,ffn_fused
298,ADD,f32,5120x1x1x1,,n297;n291,4,79,residual_add
299,RMS_NORM,f32,5120x1x1x1,eps=9.999999975e-07,n298,5,80,rmsnorm
300,MUL,f32,5120x1x1x1,,n299;l88,5,80,rmsnorm
301,RESHAPE,f32,30720x1x1x1,,l89,5,81,conv_state_shift
302,VIEW,f32,0x1x1x1,offset=0,n301,5,81,conv_state_shift
303,SCALE,f32,0x1x1x1,scale=0 bias=0,n302,5,81,conv_state_shift
304,GET_ROWS,f32,30720x1x1x1,,n301;l6,5,81,conv_state_shift
305,GET_ROWS,f32,30720x0x1x1,,n301;l7,5,81,conv_state_shift
306,VIEW,f32,30720x0x1x1,offset=122880,l89,5,81,conv_state_shift
307,CPY,f32,30720x0x1x1,,n305;n306,5,81,conv_state_shift
308,RESHAPE,f32,3x10240x1x1,,n304,5,81,conv_state_shift
309,MUL_MAT,f32,10240x1x1x1,,l90;n300,5,82,qkv_mmvq
310,RESHAPE,f32,10240x1x1x1,,n309,5,82,qkv_mmvq
311,TRANSPOSE,f32,1x10240x1x1,,n310,5,82,qkv_mmvq
312,CONCAT,f32,4x10240x1x1,dim=0,n308;n311,5,83,conv_concat_store
313,VIEW,f32,3x10240x1x1,offset=4,n312,5,83,conv_concat_store
314,VIEW,f32,30720x1x1x1,offset=0,l89,5,83,conv_concat_store
315,CPY,f32,30720x1x1x1,,n313;n314,5,83,conv_concat_store
316,RESHAPE,f32,786432x1x1x1,,l91,5,84,ssm_state_fetch
317,VIEW,f32,0x1x1x1,offset=0,n316,5,84,ssm_state_fetch
318,SCALE,f32,0x1x1x1,scale=0 bias=0,n317,5,84,ssm_state_fetch
319,GET_ROWS,f32,786432x1x1x1,,n316;l6,5,84,ssm_state_fetch
320,GET_ROWS,f32,786432x0x1x1,,n316;l7,5,84,ssm_state_fetch
321,VIEW,f32,786432x0x1x1,offset=3145728,l91,5,84,ssm_state_fetch
322,CPY,f32,786432x0x1x1,,n320;n321,5,84,ssm_state_fetch
323,SSM_CONV,f32,10240x1x1x1,,n312;l92,5,85,ssm_conv_silu
324,UNARY,f32,10240x1x1x1,unary=silu(10),n323,5,85,ssm_conv_silu
325,VIEW,f32,128x16x1x1,offset=0,n324,5,86,qk_l2norm
326,L2_NORM,f32,128x16x1x1,eps=9.999999975e-07,n325,5,86,qk_l2norm
327,VIEW,f32,128x16x1x1,offset=8192,n324,5,86,qk_l2norm
328,L2_NORM,f32,128x16x1x1,eps=9.999999975e-07,n327,5,86,qk_l2norm
329,VIEW,f32,128x48x1x1,offset=16384,n324,5,86,qk_l2norm
330,MUL_MAT,f32,48x1x1x1,,l93;n300,5,87,gdn_gates
331,RESHAPE,f32,48x1x1x1,,n330,5,87,gdn_gates
332,ADD,f32,48x1x1x1,,n331;l94,5,87,gdn_gates
333,UNARY,f32,48x1x1x1,unary=softplus(15),n332,5,87,gdn_gates
334,MUL,f32,48x1x1x1,,n333;l95,5,87,gdn_gates
335,RESHAPE,f32,1x48x1x1,,n334,5,87,gdn_gates
336,MUL_MAT,f32,48x1x1x1,,l96;n300,5,87,gdn_gates
337,RESHAPE,f32,1x48x1x1,,n336,5,87,gdn_gates
338,UNARY,f32,1x48x1x1,unary=sigmoid(7),n337,5,87,gdn_gates
339,RESHAPE,f32,128x128x48x1,,n319,5,84,ssm_state_fetch
340,RESHAPE,f32,786432x1x1x1,,n339,5,84,ssm_state_fetch
341,GATED_DELTA_NET,f32,6144x129x1x1,,n326;n328;n329;n335;n338;n340,5,88,deltanet_step
342,VIEW,f32,128x128x48x1,offset=24576,n341,5,89,ssm_state_store
343,VIEW,f32,786432x1x1x1,offset=0,l91,5,89,ssm_state_store
344,CPY,f32,786432x1x1x1,,n342;n343,5,89,ssm_state_store
345,VIEW,f32,128x48x1x1,offset=0,n341,5,90,gated_out_norm
346,RMS_NORM,f32,128x48x1x1,eps=9.999999975e-07,n345,5,90,gated_out_norm
347,MUL,f32,128x48x1x1,,n346;l97,5,90,gated_out_norm
348,MUL_MAT,f32,6144x1x1x1,,l98;n300,5,90,gated_out_norm
349,RESHAPE,f32,128x48x1x1,,n348,5,90,gated_out_norm
350,UNARY,f32,128x48x1x1,unary=silu(10),n349,5,90,gated_out_norm
351,MUL,f32,128x48x1x1,,n347;n350,5,90,gated_out_norm
352,RESHAPE,f32,6144x1x1x1,,n351,5,90,gated_out_norm
353,MUL_MAT,f32,5120x1x1x1,,l99;n352,5,91,out_proj_ar16
354,RESHAPE,f32,5120x1x1x1,,n353,5,91,out_proj_ar16
355,ADD,f32,5120x1x1x1,,n354;n298,5,92,residual_add
356,RMS_NORM,f32,5120x1x1x1,eps=9.999999975e-07,n355,5,93,rmsnorm
357,MUL,f32,5120x1x1x1,,n356;l100,5,93,rmsnorm
358,MUL_MAT,f32,17408x1x1x1,,l101;n357,5,94,ffn_fused
359,MUL_MAT,f32,17408x1x1x1,,l102;n357,5,94,ffn_fused
360,GLU,f32,17408x1x1x1,glu=swiglu(2) swapped=0 alpha=0 limit=0,n358;n359,5,94,ffn_fused
361,MUL_MAT,f32,5120x1x1x1,,l103;n360,5,94,ffn_fused
362,ADD,f32,5120x1x1x1,,n361;n355,5,95,residual_add
363,RMS_NORM,f32,5120x1x1x1,eps=9.999999975e-07,n362,6,96,rmsnorm
364,MUL,f32,5120x1x1x1,,n363;l104,6,96,rmsnorm
365,RESHAPE,f32,30720x1x1x1,,l105,6,97,conv_state_shift
366,VIEW,f32,0x1x1x1,offset=0,n365,6,97,conv_state_shift
367,SCALE,f32,0x1x1x1,scale=0 bias=0,n366,6,97,conv_state_shift
368,GET_ROWS,f32,30720x1x1x1,,n365;l6,6,97,conv_state_shift
369,GET_ROWS,f32,30720x0x1x1,,n365;l7,6,97,conv_state_shift
370,VIEW,f32,30720x0x1x1,offset=122880,l105,6,97,conv_state_shift
371,CPY,f32,30720x0x1x1,,n369;n370,6,97,conv_state_shift
372,RESHAPE,f32,3x10240x1x1,,n368,6,97,conv_state_shift
373,MUL_MAT,f32,10240x1x1x1,,l106;n364,6,98,qkv_mmvq
374,RESHAPE,f32,10240x1x1x1,,n373,6,98,qkv_mmvq
375,TRANSPOSE,f32,1x10240x1x1,,n374,6,98,qkv_mmvq
376,CONCAT,f32,4x10240x1x1,dim=0,n372;n375,6,99,conv_concat_store
377,VIEW,f32,3x10240x1x1,offset=4,n376,6,99,conv_concat_store
378,VIEW,f32,30720x1x1x1,offset=0,l105,6,99,conv_concat_store
379,CPY,f32,30720x1x1x1,,n377;n378,6,99,conv_concat_store
380,RESHAPE,f32,786432x1x1x1,,l107,6,100,ssm_state_fetch
381,VIEW,f32,0x1x1x1,offset=0,n380,6,100,ssm_state_fetch
382,SCALE,f32,0x1x1x1,scale=0 bias=0,n381,6,100,ssm_state_fetch
383,GET_ROWS,f32,786432x1x1x1,,n380;l6,6,100,ssm_state_fetch
384,GET_ROWS,f32,786432x0x1x1,,n380;l7,6,100,ssm_state_fetch
385,VIEW,f32,786432x0x1x1,offset=3145728,l107,6,100,ssm_state_fetch
386,CPY,f32,786432x0x1x1,,n384;n385,6,100,ssm_state_fetch
387,SSM_CONV,f32,10240x1x1x1,,n376;l108,6,101,ssm_conv_silu
388,UNARY,f32,10240x1x1x1,unary=silu(10),n387,6,101,ssm_conv_silu
389,VIEW,f32,128x16x1x1,offset=0,n388,6,102,qk_l2norm
390,L2_NORM,f32,128x16x1x1,eps=9.999999975e-07,n389,6,102,qk_l2norm
391,VIEW,f32,128x16x1x1,offset=8192,n388,6,102,qk_l2norm
392,L2_NORM,f32,128x16x1x1,eps=9.999999975e-07,n391,6,102,qk_l2norm
393,VIEW,f32,128x48x1x1,offset=16384,n388,6,102,qk_l2norm
394,MUL_MAT,f32,48x1x1x1,,l109;n364,6,103,gdn_gates
395,RESHAPE,f32,48x1x1x1,,n394,6,103,gdn_gates
396,ADD,f32,48x1x1x1,,n395;l110,6,103,gdn_gates
397,UNARY,f32,48x1x1x1,unary=softplus(15),n396,6,103,gdn_gates
398,MUL,f32,48x1x1x1,,n397;l111,6,103,gdn_gates
399,RESHAPE,f32,1x48x1x1,,n398,6,103,gdn_gates
400,MUL_MAT,f32,48x1x1x1,,l112;n364,6,103,gdn_gates
401,RESHAPE,f32,1x48x1x1,,n400,6,103,gdn_gates
402,UNARY,f32,1x48x1x1,unary=sigmoid(7),n401,6,103,gdn_gates
403,RESHAPE,f32,128x128x48x1,,n383,6,100,ssm_state_fetch
404,RESHAPE,f32,786432x1x1x1,,n403,6,100,ssm_state_fetch
405,GATED_DELTA_NET,f32,6144x129x1x1,,n390;n392;n393;n399;n402;n404,6,104,deltanet_step
406,VIEW,f32,128x128x48x1,offset=24576,n405,6,105,ssm_state_store
407,VIEW,f32,786432x1x1x1,offset=0,l107,6,105,ssm_state_store
408,CPY,f32,786432x1x1x1,,n406;n407,6,105,ssm_state_store
409,VIEW,f32,128x48x1x1,offset=0,n405,6,106,gated_out_norm
410,RMS_NORM,f32,128x48x1x1,eps=9.999999975e-07,n409,6,106,gated_out_norm
411,MUL,f32,128x48x1x1,,n410;l113,6,106,gated_out_norm
412,MUL_MAT,f32,6144x1x1x1,,l114;n364,6,106,gated_out_norm
413,RESHAPE,f32,128x48x1x1,,n412,6,106,gated_out_norm
414,UNARY,f32,128x48x1x1,unary=silu(10),n413,6,106,gated_out_norm
415,MUL,f32,128x48x1x1,,n411;n414,6,106,gated_out_norm
416,RESHAPE,f32,6144x1x1x1,,n415,6,106,gated_out_norm
417,MUL_MAT,f32,5120x1x1x1,,l115;n416,6,107,out_proj_ar16
418,RESHAPE,f32,5120x1x1x1,,n417,6,107,out_proj_ar16
419,ADD,f32,5120x1x1x1,,n418;n362,6,108,residual_add
420,RMS_NORM,f32,5120x1x1x1,eps=9.999999975e-07,n419,6,109,rmsnorm
421,MUL,f32,5120x1x1x1,,n420;l116,6,109,rmsnorm
422,MUL_MAT,f32,17408x1x1x1,,l117;n421,6,110,ffn_fused
423,MUL_MAT,f32,17408x1x1x1,,l118;n421,6,110,ffn_fused
424,GLU,f32,17408x1x1x1,glu=swiglu(2) swapped=0 alpha=0 limit=0,n422;n423,6,110,ffn_fused
425,MUL_MAT,f32,5120x1x1x1,,l119;n424,6,110,ffn_fused
426,ADD,f32,5120x1x1x1,,n425;n419,6,111,residual_add
427,RMS_NORM,f32,5120x1x1x1,eps=9.999999975e-07,n426,7,112,rmsnorm
428,MUL,f32,5120x1x1x1,,n427;l120,7,112,rmsnorm
429,MUL_MAT,f32,12288x1x1x1,,l121;n428,7,113,q_gemv_norm_rope
430,VIEW,f32,256x24x1x1,offset=0,n429,7,113,q_gemv_norm_rope
431,RMS_NORM,f32,256x24x1x1,eps=9.999999975e-07,n430,7,113,q_gemv_norm_rope
432,MUL,f32,256x24x1x1,,n431;l122,7,113,q_gemv_norm_rope
433,ROPE,f32,256x24x1x1,n_dims=64 mode=IMROPE(40) n_ctx_orig=262144 freq_base=10000000 freq_scale=1 ext_factor=0 attn_factor=1 beta_fast=32 beta_slow=1 sections=[11 11 10 0],n432;l57,7,113,q_gemv_norm_rope
434,MUL_MAT,f32,1024x1x1x1,,l123;n428,7,114,v_gemv
435,RESHAPE,f32,256x4x1x1,,n434,7,114,v_gemv
436,MUL_MAT,f32,1024x1x1x1,,l124;n428,7,115,k_gemv_norm_rope
437,RESHAPE,f32,256x4x1x1,,n436,7,115,k_gemv_norm_rope
438,RMS_NORM,f32,256x4x1x1,eps=9.999999975e-07,n437,7,115,k_gemv_norm_rope
439,MUL,f32,256x4x1x1,,n438;l125,7,115,k_gemv_norm_rope
440,ROPE,f32,256x4x1x1,n_dims=64 mode=IMROPE(40) n_ctx_orig=262144 freq_base=10000000 freq_scale=1 ext_factor=0 attn_factor=1 beta_fast=32 beta_slow=1 sections=[11 11 10 0],n439;l57,7,115,k_gemv_norm_rope
441,VIEW,f32,1024x1x1x1,offset=0,n440,7,116,kv_append
442,SET_ROWS,f16,1024x262144x1x1,,n441;l61;l126,7,116,kv_append
443,VIEW,f32,1024x1x1x1,offset=0,n435,7,116,kv_append
444,SET_ROWS,f16,1024x262144x1x1,,n443;l63;l127,7,116,kv_append
445,VIEW,f32,256x24x1x1,offset=0,n433,7,117,fattn_prep
446,PERMUTE,f32,256x1x24x1,axes=[0 2 1 3],n445,7,117,fattn_prep
447,VIEW,f16,256x4x33024x1,offset=0,l126,7,117,fattn_prep
448,PERMUTE,f16,256x33024x4x1,axes=[0 2 1 3],n447,7,117,fattn_prep
449,VIEW,f16,256x4x33024x1,offset=0,l127,7,117,fattn_prep
450,PERMUTE,f16,256x33024x4x1,axes=[0 2 1 3],n449,7,117,fattn_prep
451,FLASH_ATTN_EXT,f32,256x24x1x1,scale=0.0625 max_bias=0 logit_softcap=0 prec=10,n446;n448;n450;n219,7,118,fattn_decode
452,RESHAPE,f32,6144x1x1x1,,n451,7,119,attn_gate_out
453,VIEW,f32,256x24x1x1,offset=1024,n429,7,119,attn_gate_out
454,CONT,f32,6144x1x1x1,,n453,7,119,attn_gate_out
455,UNARY,f32,6144x1x1x1,unary=sigmoid(7),n454,7,119,attn_gate_out
456,MUL,f32,6144x1x1x1,,n452;n455,7,119,attn_gate_out
457,MUL_MAT,f32,5120x1x1x1,,l128;n456,7,120,o_gemv
458,ADD,f32,5120x1x1x1,,n457;n426,7,121,residual_add
459,RMS_NORM,f32,5120x1x1x1,eps=9.999999975e-07,n458,7,122,rmsnorm
460,MUL,f32,5120x1x1x1,,n459;l129,7,122,rmsnorm
461,MUL_MAT,f32,17408x1x1x1,,l130;n460,7,123,ffn_fused
462,MUL_MAT,f32,17408x1x1x1,,l131;n460,7,123,ffn_fused
463,GLU,f32,17408x1x1x1,glu=swiglu(2) swapped=0 alpha=0 limit=0,n461;n462,7,123,ffn_fused
464,MUL_MAT,f32,5120x1x1x1,,l132;n463,7,123,ffn_fused
465,ADD,f32,5120x1x1x1,,n464;n458,7,124,residual_add
466,RMS_NORM,f32,5120x1x1x1,eps=9.999999975e-07,n465,8,125,rmsnorm
467,MUL,f32,5120x1x1x1,,n466;l133,8,125,rmsnorm
468,RESHAPE,f32,30720x1x1x1,,l134,8,126,conv_state_shift
469,VIEW,f32,0x1x1x1,offset=0,n468,8,126,conv_state_shift
470,SCALE,f32,0x1x1x1,scale=0 bias=0,n469,8,126,conv_state_shift
471,GET_ROWS,f32,30720x1x1x1,,n468;l6,8,126,conv_state_shift
472,GET_ROWS,f32,30720x0x1x1,,n468;l7,8,126,conv_state_shift
473,VIEW,f32,30720x0x1x1,offset=122880,l134,8,126,conv_state_shift
474,CPY,f32,30720x0x1x1,,n472;n473,8,126,conv_state_shift
475,RESHAPE,f32,3x10240x1x1,,n471,8,126,conv_state_shift
476,MUL_MAT,f32,10240x1x1x1,,l135;n467,8,127,qkv_mmvq
477,RESHAPE,f32,10240x1x1x1,,n476,8,127,qkv_mmvq
478,TRANSPOSE,f32,1x10240x1x1,,n477,8,127,qkv_mmvq
479,CONCAT,f32,4x10240x1x1,dim=0,n475;n478,8,128,conv_concat_store
480,VIEW,f32,3x10240x1x1,offset=4,n479,8,128,conv_concat_store
481,VIEW,f32,30720x1x1x1,offset=0,l134,8,128,conv_concat_store
482,CPY,f32,30720x1x1x1,,n480;n481,8,128,conv_concat_store
483,RESHAPE,f32,786432x1x1x1,,l136,8,129,ssm_state_fetch
484,VIEW,f32,0x1x1x1,offset=0,n483,8,129,ssm_state_fetch
485,SCALE,f32,0x1x1x1,scale=0 bias=0,n484,8,129,ssm_state_fetch
486,GET_ROWS,f32,786432x1x1x1,,n483;l6,8,129,ssm_state_fetch
487,GET_ROWS,f32,786432x0x1x1,,n483;l7,8,129,ssm_state_fetch
488,VIEW,f32,786432x0x1x1,offset=3145728,l136,8,129,ssm_state_fetch
489,CPY,f32,786432x0x1x1,,n487;n488,8,129,ssm_state_fetch
490,SSM_CONV,f32,10240x1x1x1,,n479;l137,8,130,ssm_conv_silu
491,UNARY,f32,10240x1x1x1,unary=silu(10),n490,8,130,ssm_conv_silu
492,VIEW,f32,128x16x1x1,offset=0,n491,8,131,qk_l2norm
493,L2_NORM,f32,128x16x1x1,eps=9.999999975e-07,n492,8,131,qk_l2norm
494,VIEW,f32,128x16x1x1,offset=8192,n491,8,131,qk_l2norm
495,L2_NORM,f32,128x16x1x1,eps=9.999999975e-07,n494,8,131,qk_l2norm
496,VIEW,f32,128x48x1x1,offset=16384,n491,8,131,qk_l2norm
497,MUL_MAT,f32,48x1x1x1,,l138;n467,8,132,gdn_gates
498,RESHAPE,f32,48x1x1x1,,n497,8,132,gdn_gates
499,ADD,f32,48x1x1x1,,n498;l139,8,132,gdn_gates
500,UNARY,f32,48x1x1x1,unary=softplus(15),n499,8,132,gdn_gates
501,MUL,f32,48x1x1x1,,n500;l140,8,132,gdn_gates
502,RESHAPE,f32,1x48x1x1,,n501,8,132,gdn_gates
503,MUL_MAT,f32,48x1x1x1,,l141;n467,8,132,gdn_gates
504,RESHAPE,f32,1x48x1x1,,n503,8,132,gdn_gates
505,UNARY,f32,1x48x1x1,unary=sigmoid(7),n504,8,132,gdn_gates
506,RESHAPE,f32,128x128x48x1,,n486,8,129,ssm_state_fetch
507,RESHAPE,f32,786432x1x1x1,,n506,8,129,ssm_state_fetch
508,GATED_DELTA_NET,f32,6144x129x1x1,,n493;n495;n496;n502;n505;n507,8,133,deltanet_step
509,VIEW,f32,128x128x48x1,offset=24576,n508,8,134,ssm_state_store
510,VIEW,f32,786432x1x1x1,offset=0,l136,8,134,ssm_state_store
511,CPY,f32,786432x1x1x1,,n509;n510,8,134,ssm_state_store
512,VIEW,f32,128x48x1x1,offset=0,n508,8,135,gated_out_norm
513,RMS_NORM,f32,128x48x1x1,eps=9.999999975e-07,n512,8,135,gated_out_norm
514,MUL,f32,128x48x1x1,,n513;l142,8,135,gated_out_norm
515,MUL_MAT,f32,6144x1x1x1,,l143;n467,8,135,gated_out_norm
516,RESHAPE,f32,128x48x1x1,,n515,8,135,gated_out_norm
517,UNARY,f32,128x48x1x1,unary=silu(10),n516,8,135,gated_out_norm
518,MUL,f32,128x48x1x1,,n514;n517,8,135,gated_out_norm
519,RESHAPE,f32,6144x1x1x1,,n518,8,135,gated_out_norm
520,MUL_MAT,f32,5120x1x1x1,,l144;n519,8,136,out_proj_ar16
521,RESHAPE,f32,5120x1x1x1,,n520,8,136,out_proj_ar16
522,ADD,f32,5120x1x1x1,,n521;n465,8,137,residual_add
523,RMS_NORM,f32,5120x1x1x1,eps=9.999999975e-07,n522,8,138,rmsnorm
524,MUL,f32,5120x1x1x1,,n523;l145,8,138,rmsnorm
525,MUL_MAT,f32,17408x1x1x1,,l146;n524,8,139,ffn_fused
526,MUL_MAT,f32,17408x1x1x1,,l147;n524,8,139,ffn_fused
527,GLU,f32,17408x1x1x1,glu=swiglu(2) swapped=0 alpha=0 limit=0,n525;n526,8,139,ffn_fused
528,MUL_MAT,f32,5120x1x1x1,,l148;n527,8,139,ffn_fused
529,ADD,f32,5120x1x1x1,,n528;n522,8,140,residual_add
530,RMS_NORM,f32,5120x1x1x1,eps=9.999999975e-07,n529,9,141,rmsnorm
531,MUL,f32,5120x1x1x1,,n530;l149,9,141,rmsnorm
532,RESHAPE,f32,30720x1x1x1,,l150,9,142,conv_state_shift
533,VIEW,f32,0x1x1x1,offset=0,n532,9,142,conv_state_shift
534,SCALE,f32,0x1x1x1,scale=0 bias=0,n533,9,142,conv_state_shift
535,GET_ROWS,f32,30720x1x1x1,,n532;l6,9,142,conv_state_shift
536,GET_ROWS,f32,30720x0x1x1,,n532;l7,9,142,conv_state_shift
537,VIEW,f32,30720x0x1x1,offset=122880,l150,9,142,conv_state_shift
538,CPY,f32,30720x0x1x1,,n536;n537,9,142,conv_state_shift
539,RESHAPE,f32,3x10240x1x1,,n535,9,142,conv_state_shift
540,MUL_MAT,f32,10240x1x1x1,,l151;n531,9,143,qkv_mmvq
541,RESHAPE,f32,10240x1x1x1,,n540,9,143,qkv_mmvq
542,TRANSPOSE,f32,1x10240x1x1,,n541,9,143,qkv_mmvq
543,CONCAT,f32,4x10240x1x1,dim=0,n539;n542,9,144,conv_concat_store
544,VIEW,f32,3x10240x1x1,offset=4,n543,9,144,conv_concat_store
545,VIEW,f32,30720x1x1x1,offset=0,l150,9,144,conv_concat_store
546,CPY,f32,30720x1x1x1,,n544;n545,9,144,conv_concat_store
547,RESHAPE,f32,786432x1x1x1,,l152,9,145,ssm_state_fetch
548,VIEW,f32,0x1x1x1,offset=0,n547,9,145,ssm_state_fetch
549,SCALE,f32,0x1x1x1,scale=0 bias=0,n548,9,145,ssm_state_fetch
550,GET_ROWS,f32,786432x1x1x1,,n547;l6,9,145,ssm_state_fetch
551,GET_ROWS,f32,786432x0x1x1,,n547;l7,9,145,ssm_state_fetch
552,VIEW,f32,786432x0x1x1,offset=3145728,l152,9,145,ssm_state_fetch
553,CPY,f32,786432x0x1x1,,n551;n552,9,145,ssm_state_fetch
554,SSM_CONV,f32,10240x1x1x1,,n543;l153,9,146,ssm_conv_silu
555,UNARY,f32,10240x1x1x1,unary=silu(10),n554,9,146,ssm_conv_silu
556,VIEW,f32,128x16x1x1,offset=0,n555,9,147,qk_l2norm
557,L2_NORM,f32,128x16x1x1,eps=9.999999975e-07,n556,9,147,qk_l2norm
558,VIEW,f32,128x16x1x1,offset=8192,n555,9,147,qk_l2norm
559,L2_NORM,f32,128x16x1x1,eps=9.999999975e-07,n558,9,147,qk_l2norm
560,VIEW,f32,128x48x1x1,offset=16384,n555,9,147,qk_l2norm
561,MUL_MAT,f32,48x1x1x1,,l154;n531,9,148,gdn_gates
562,RESHAPE,f32,48x1x1x1,,n561,9,148,gdn_gates
563,ADD,f32,48x1x1x1,,n562;l155,9,148,gdn_gates
564,UNARY,f32,48x1x1x1,unary=softplus(15),n563,9,148,gdn_gates
565,MUL,f32,48x1x1x1,,n564;l156,9,148,gdn_gates
566,RESHAPE,f32,1x48x1x1,,n565,9,148,gdn_gates
567,MUL_MAT,f32,48x1x1x1,,l157;n531,9,148,gdn_gates
568,RESHAPE,f32,1x48x1x1,,n567,9,148,gdn_gates
569,UNARY,f32,1x48x1x1,unary=sigmoid(7),n568,9,148,gdn_gates
570,RESHAPE,f32,128x128x48x1,,n550,9,145,ssm_state_fetch
571,RESHAPE,f32,786432x1x1x1,,n570,9,145,ssm_state_fetch
572,GATED_DELTA_NET,f32,6144x129x1x1,,n557;n559;n560;n566;n569;n571,9,149,deltanet_step
573,VIEW,f32,128x128x48x1,offset=24576,n572,9,150,ssm_state_store
574,VIEW,f32,786432x1x1x1,offset=0,l152,9,150,ssm_state_store
575,CPY,f32,786432x1x1x1,,n573;n574,9,150,ssm_state_store
576,VIEW,f32,128x48x1x1,offset=0,n572,9,151,gated_out_norm
577,RMS_NORM,f32,128x48x1x1,eps=9.999999975e-07,n576,9,151,gated_out_norm
578,MUL,f32,128x48x1x1,,n577;l158,9,151,gated_out_norm
579,MUL_MAT,f32,6144x1x1x1,,l159;n531,9,151,gated_out_norm
580,RESHAPE,f32,128x48x1x1,,n579,9,151,gated_out_norm
581,UNARY,f32,128x48x1x1,unary=silu(10),n580,9,151,gated_out_norm
582,MUL,f32,128x48x1x1,,n578;n581,9,151,gated_out_norm
583,RESHAPE,f32,6144x1x1x1,,n582,9,151,gated_out_norm
584,MUL_MAT,f32,5120x1x1x1,,l160;n583,9,152,out_proj_ar16
585,RESHAPE,f32,5120x1x1x1,,n584,9,152,out_proj_ar16
586,ADD,f32,5120x1x1x1,,n585;n529,9,153,residual_add
587,RMS_NORM,f32,5120x1x1x1,eps=9.999999975e-07,n586,9,154,rmsnorm
588,MUL,f32,5120x1x1x1,,n587;l161,9,154,rmsnorm
589,MUL_MAT,f32,17408x1x1x1,,l162;n588,9,155,ffn_fused
590,MUL_MAT,f32,17408x1x1x1,,l163;n588,9,155,ffn_fused
591,GLU,f32,17408x1x1x1,glu=swiglu(2) swapped=0 alpha=0 limit=0,n589;n590,9,155,ffn_fused
592,MUL_MAT,f32,5120x1x1x1,,l164;n591,9,155,ffn_fused
593,ADD,f32,5120x1x1x1,,n592;n586,9,156,residual_add
594,RMS_NORM,f32,5120x1x1x1,eps=9.999999975e-07,n593,10,157,rmsnorm
595,MUL,f32,5120x1x1x1,,n594;l165,10,157,rmsnorm
596,RESHAPE,f32,30720x1x1x1,,l166,10,158,conv_state_shift
597,VIEW,f32,0x1x1x1,offset=0,n596,10,158,conv_state_shift
598,SCALE,f32,0x1x1x1,scale=0 bias=0,n597,10,158,conv_state_shift
599,GET_ROWS,f32,30720x1x1x1,,n596;l6,10,158,conv_state_shift
600,GET_ROWS,f32,30720x0x1x1,,n596;l7,10,158,conv_state_shift
601,VIEW,f32,30720x0x1x1,offset=122880,l166,10,158,conv_state_shift
602,CPY,f32,30720x0x1x1,,n600;n601,10,158,conv_state_shift
603,RESHAPE,f32,3x10240x1x1,,n599,10,158,conv_state_shift
604,MUL_MAT,f32,10240x1x1x1,,l167;n595,10,159,qkv_mmvq
605,RESHAPE,f32,10240x1x1x1,,n604,10,159,qkv_mmvq
606,TRANSPOSE,f32,1x10240x1x1,,n605,10,159,qkv_mmvq
607,CONCAT,f32,4x10240x1x1,dim=0,n603;n606,10,160,conv_concat_store
608,VIEW,f32,3x10240x1x1,offset=4,n607,10,160,conv_concat_store
609,VIEW,f32,30720x1x1x1,offset=0,l166,10,160,conv_concat_store
610,CPY,f32,30720x1x1x1,,n608;n609,10,160,conv_concat_store
611,RESHAPE,f32,786432x1x1x1,,l168,10,161,ssm_state_fetch
612,VIEW,f32,0x1x1x1,offset=0,n611,10,161,ssm_state_fetch
613,SCALE,f32,0x1x1x1,scale=0 bias=0,n612,10,161,ssm_state_fetch
614,GET_ROWS,f32,786432x1x1x1,,n611;l6,10,161,ssm_state_fetch
615,GET_ROWS,f32,786432x0x1x1,,n611;l7,10,161,ssm_state_fetch
616,VIEW,f32,786432x0x1x1,offset=3145728,l168,10,161,ssm_state_fetch
617,CPY,f32,786432x0x1x1,,n615;n616,10,161,ssm_state_fetch
618,SSM_CONV,f32,10240x1x1x1,,n607;l169,10,162,ssm_conv_silu
619,UNARY,f32,10240x1x1x1,unary=silu(10),n618,10,162,ssm_conv_silu
620,VIEW,f32,128x16x1x1,offset=0,n619,10,163,qk_l2norm
621,L2_NORM,f32,128x16x1x1,eps=9.999999975e-07,n620,10,163,qk_l2norm
622,VIEW,f32,128x16x1x1,offset=8192,n619,10,163,qk_l2norm
623,L2_NORM,f32,128x16x1x1,eps=9.999999975e-07,n622,10,163,qk_l2norm
624,VIEW,f32,128x48x1x1,offset=16384,n619,10,163,qk_l2norm
625,MUL_MAT,f32,48x1x1x1,,l170;n595,10,164,gdn_gates
626,RESHAPE,f32,48x1x1x1,,n625,10,164,gdn_gates
627,ADD,f32,48x1x1x1,,n626;l171,10,164,gdn_gates
628,UNARY,f32,48x1x1x1,unary=softplus(15),n627,10,164,gdn_gates
629,MUL,f32,48x1x1x1,,n628;l172,10,164,gdn_gates
630,RESHAPE,f32,1x48x1x1,,n629,10,164,gdn_gates
631,MUL_MAT,f32,48x1x1x1,,l173;n595,10,164,gdn_gates
632,RESHAPE,f32,1x48x1x1,,n631,10,164,gdn_gates
633,UNARY,f32,1x48x1x1,unary=sigmoid(7),n632,10,164,gdn_gates
634,RESHAPE,f32,128x128x48x1,,n614,10,161,ssm_state_fetch
635,RESHAPE,f32,786432x1x1x1,,n634,10,161,ssm_state_fetch
636,GATED_DELTA_NET,f32,6144x129x1x1,,n621;n623;n624;n630;n633;n635,10,165,deltanet_step
637,VIEW,f32,128x128x48x1,offset=24576,n636,10,166,ssm_state_store
638,VIEW,f32,786432x1x1x1,offset=0,l168,10,166,ssm_state_store
639,CPY,f32,786432x1x1x1,,n637;n638,10,166,ssm_state_store
640,VIEW,f32,128x48x1x1,offset=0,n636,10,167,gated_out_norm
641,RMS_NORM,f32,128x48x1x1,eps=9.999999975e-07,n640,10,167,gated_out_norm
642,MUL,f32,128x48x1x1,,n641;l174,10,167,gated_out_norm
643,MUL_MAT,f32,6144x1x1x1,,l175;n595,10,167,gated_out_norm
644,RESHAPE,f32,128x48x1x1,,n643,10,167,gated_out_norm
645,UNARY,f32,128x48x1x1,unary=silu(10),n644,10,167,gated_out_norm
646,MUL,f32,128x48x1x1,,n642;n645,10,167,gated_out_norm
647,RESHAPE,f32,6144x1x1x1,,n646,10,167,gated_out_norm
648,MUL_MAT,f32,5120x1x1x1,,l176;n647,10,168,out_proj_ar16
649,RESHAPE,f32,5120x1x1x1,,n648,10,168,out_proj_ar16
650,ADD,f32,5120x1x1x1,,n649;n593,10,169,residual_add
651,RMS_NORM,f32,5120x1x1x1,eps=9.999999975e-07,n650,10,170,rmsnorm
652,MUL,f32,5120x1x1x1,,n651;l177,10,170,rmsnorm
653,MUL_MAT,f32,17408x1x1x1,,l178;n652,10,171,ffn_fused
654,MUL_MAT,f32,17408x1x1x1,,l179;n652,10,171,ffn_fused
655,GLU,f32,17408x1x1x1,glu=swiglu(2) swapped=0 alpha=0 limit=0,n653;n654,10,171,ffn_fused
656,MUL_MAT,f32,5120x1x1x1,,l180;n655,10,171,ffn_fused
657,ADD,f32,5120x1x1x1,,n656;n650,10,172,residual_add
658,RMS_NORM,f32,5120x1x1x1,eps=9.999999975e-07,n657,11,173,rmsnorm
659,MUL,f32,5120x1x1x1,,n658;l181,11,173,rmsnorm
660,MUL_MAT,f32,12288x1x1x1,,l182;n659,11,174,q_gemv_norm_rope
661,VIEW,f32,256x24x1x1,offset=0,n660,11,174,q_gemv_norm_rope
662,RMS_NORM,f32,256x24x1x1,eps=9.999999975e-07,n661,11,174,q_gemv_norm_rope
663,MUL,f32,256x24x1x1,,n662;l183,11,174,q_gemv_norm_rope
664,ROPE,f32,256x24x1x1,n_dims=64 mode=IMROPE(40) n_ctx_orig=262144 freq_base=10000000 freq_scale=1 ext_factor=0 attn_factor=1 beta_fast=32 beta_slow=1 sections=[11 11 10 0],n663;l57,11,174,q_gemv_norm_rope
665,MUL_MAT,f32,1024x1x1x1,,l184;n659,11,175,v_gemv
666,RESHAPE,f32,256x4x1x1,,n665,11,175,v_gemv
667,MUL_MAT,f32,1024x1x1x1,,l185;n659,11,176,k_gemv_norm_rope
668,RESHAPE,f32,256x4x1x1,,n667,11,176,k_gemv_norm_rope
669,RMS_NORM,f32,256x4x1x1,eps=9.999999975e-07,n668,11,176,k_gemv_norm_rope
670,MUL,f32,256x4x1x1,,n669;l186,11,176,k_gemv_norm_rope
671,ROPE,f32,256x4x1x1,n_dims=64 mode=IMROPE(40) n_ctx_orig=262144 freq_base=10000000 freq_scale=1 ext_factor=0 attn_factor=1 beta_fast=32 beta_slow=1 sections=[11 11 10 0],n670;l57,11,176,k_gemv_norm_rope
672,VIEW,f32,1024x1x1x1,offset=0,n671,11,177,kv_append
673,SET_ROWS,f16,1024x262144x1x1,,n672;l61;l187,11,177,kv_append
674,VIEW,f32,1024x1x1x1,offset=0,n666,11,177,kv_append
675,SET_ROWS,f16,1024x262144x1x1,,n674;l63;l188,11,177,kv_append
676,VIEW,f32,256x24x1x1,offset=0,n664,11,178,fattn_prep
677,PERMUTE,f32,256x1x24x1,axes=[0 2 1 3],n676,11,178,fattn_prep
678,VIEW,f16,256x4x33024x1,offset=0,l187,11,178,fattn_prep
679,PERMUTE,f16,256x33024x4x1,axes=[0 2 1 3],n678,11,178,fattn_prep
680,VIEW,f16,256x4x33024x1,offset=0,l188,11,178,fattn_prep
681,PERMUTE,f16,256x33024x4x1,axes=[0 2 1 3],n680,11,178,fattn_prep
682,FLASH_ATTN_EXT,f32,256x24x1x1,scale=0.0625 max_bias=0 logit_softcap=0 prec=10,n677;n679;n681;n219,11,179,fattn_decode
683,RESHAPE,f32,6144x1x1x1,,n682,11,180,attn_gate_out
684,VIEW,f32,256x24x1x1,offset=1024,n660,11,180,attn_gate_out
685,CONT,f32,6144x1x1x1,,n684,11,180,attn_gate_out
686,UNARY,f32,6144x1x1x1,unary=sigmoid(7),n685,11,180,attn_gate_out
687,MUL,f32,6144x1x1x1,,n683;n686,11,180,attn_gate_out
688,MUL_MAT,f32,5120x1x1x1,,l189;n687,11,181,o_gemv
689,ADD,f32,5120x1x1x1,,n688;n657,11,182,residual_add
690,RMS_NORM,f32,5120x1x1x1,eps=9.999999975e-07,n689,11,183,rmsnorm
691,MUL,f32,5120x1x1x1,,n690;l190,11,183,rmsnorm
692,MUL_MAT,f32,17408x1x1x1,,l191;n691,11,184,ffn_fused
693,MUL_MAT,f32,17408x1x1x1,,l192;n691,11,184,ffn_fused
694,GLU,f32,17408x1x1x1,glu=swiglu(2) swapped=0 alpha=0 limit=0,n692;n693,11,184,ffn_fused
695,MUL_MAT,f32,5120x1x1x1,,l193;n694,11,184,ffn_fused
696,ADD,f32,5120x1x1x1,,n695;n689,11,185,residual_add
697,RMS_NORM,f32,5120x1x1x1,eps=9.999999975e-07,n696,12,186,rmsnorm
698,MUL,f32,5120x1x1x1,,n697;l194,12,186,rmsnorm
699,RESHAPE,f32,30720x1x1x1,,l195,12,187,conv_state_shift
700,VIEW,f32,0x1x1x1,offset=0,n699,12,187,conv_state_shift
701,SCALE,f32,0x1x1x1,scale=0 bias=0,n700,12,187,conv_state_shift
702,GET_ROWS,f32,30720x1x1x1,,n699;l6,12,187,conv_state_shift
703,GET_ROWS,f32,30720x0x1x1,,n699;l7,12,187,conv_state_shift
704,VIEW,f32,30720x0x1x1,offset=122880,l195,12,187,conv_state_shift
705,CPY,f32,30720x0x1x1,,n703;n704,12,187,conv_state_shift
706,RESHAPE,f32,3x10240x1x1,,n702,12,187,conv_state_shift
707,MUL_MAT,f32,10240x1x1x1,,l196;n698,12,188,qkv_mmvq
708,RESHAPE,f32,10240x1x1x1,,n707,12,188,qkv_mmvq
709,TRANSPOSE,f32,1x10240x1x1,,n708,12,188,qkv_mmvq
710,CONCAT,f32,4x10240x1x1,dim=0,n706;n709,12,189,conv_concat_store
711,VIEW,f32,3x10240x1x1,offset=4,n710,12,189,conv_concat_store
712,VIEW,f32,30720x1x1x1,offset=0,l195,12,189,conv_concat_store
713,CPY,f32,30720x1x1x1,,n711;n712,12,189,conv_concat_store
714,RESHAPE,f32,786432x1x1x1,,l197,12,190,ssm_state_fetch
715,VIEW,f32,0x1x1x1,offset=0,n714,12,190,ssm_state_fetch
716,SCALE,f32,0x1x1x1,scale=0 bias=0,n715,12,190,ssm_state_fetch
717,GET_ROWS,f32,786432x1x1x1,,n714;l6,12,190,ssm_state_fetch
718,GET_ROWS,f32,786432x0x1x1,,n714;l7,12,190,ssm_state_fetch
719,VIEW,f32,786432x0x1x1,offset=3145728,l197,12,190,ssm_state_fetch
720,CPY,f32,786432x0x1x1,,n718;n719,12,190,ssm_state_fetch
721,SSM_CONV,f32,10240x1x1x1,,n710;l198,12,191,ssm_conv_silu
722,UNARY,f32,10240x1x1x1,unary=silu(10),n721,12,191,ssm_conv_silu
723,VIEW,f32,128x16x1x1,offset=0,n722,12,192,qk_l2norm
724,L2_NORM,f32,128x16x1x1,eps=9.999999975e-07,n723,12,192,qk_l2norm
725,VIEW,f32,128x16x1x1,offset=8192,n722,12,192,qk_l2norm
726,L2_NORM,f32,128x16x1x1,eps=9.999999975e-07,n725,12,192,qk_l2norm
727,VIEW,f32,128x48x1x1,offset=16384,n722,12,192,qk_l2norm
728,MUL_MAT,f32,48x1x1x1,,l199;n698,12,193,gdn_gates
729,RESHAPE,f32,48x1x1x1,,n728,12,193,gdn_gates
730,ADD,f32,48x1x1x1,,n729;l200,12,193,gdn_gates
731,UNARY,f32,48x1x1x1,unary=softplus(15),n730,12,193,gdn_gates
732,MUL,f32,48x1x1x1,,n731;l201,12,193,gdn_gates
733,RESHAPE,f32,1x48x1x1,,n732,12,193,gdn_gates
734,MUL_MAT,f32,48x1x1x1,,l202;n698,12,193,gdn_gates
735,RESHAPE,f32,1x48x1x1,,n734,12,193,gdn_gates
736,UNARY,f32,1x48x1x1,unary=sigmoid(7),n735,12,193,gdn_gates
737,RESHAPE,f32,128x128x48x1,,n717,12,190,ssm_state_fetch
738,RESHAPE,f32,786432x1x1x1,,n737,12,190,ssm_state_fetch
739,GATED_DELTA_NET,f32,6144x129x1x1,,n724;n726;n727;n733;n736;n738,12,194,deltanet_step
740,VIEW,f32,128x128x48x1,offset=24576,n739,12,195,ssm_state_store
741,VIEW,f32,786432x1x1x1,offset=0,l197,12,195,ssm_state_store
742,CPY,f32,786432x1x1x1,,n740;n741,12,195,ssm_state_store
743,VIEW,f32,128x48x1x1,offset=0,n739,12,196,gated_out_norm
744,RMS_NORM,f32,128x48x1x1,eps=9.999999975e-07,n743,12,196,gated_out_norm
745,MUL,f32,128x48x1x1,,n744;l203,12,196,gated_out_norm
746,MUL_MAT,f32,6144x1x1x1,,l204;n698,12,196,gated_out_norm
747,RESHAPE,f32,128x48x1x1,,n746,12,196,gated_out_norm
748,UNARY,f32,128x48x1x1,unary=silu(10),n747,12,196,gated_out_norm
749,MUL,f32,128x48x1x1,,n745;n748,12,196,gated_out_norm
750,RESHAPE,f32,6144x1x1x1,,n749,12,196,gated_out_norm
751,MUL_MAT,f32,5120x1x1x1,,l205;n750,12,197,out_proj_ar16
752,RESHAPE,f32,5120x1x1x1,,n751,12,197,out_proj_ar16
753,ADD,f32,5120x1x1x1,,n752;n696,12,198,residual_add
754,RMS_NORM,f32,5120x1x1x1,eps=9.999999975e-07,n753,12,199,rmsnorm
755,MUL,f32,5120x1x1x1,,n754;l206,12,199,rmsnorm
756,MUL_MAT,f32,17408x1x1x1,,l207;n755,12,200,ffn_fused
757,MUL_MAT,f32,17408x1x1x1,,l208;n755,12,200,ffn_fused
758,GLU,f32,17408x1x1x1,glu=swiglu(2) swapped=0 alpha=0 limit=0,n756;n757,12,200,ffn_fused
759,MUL_MAT,f32,5120x1x1x1,,l209;n758,12,200,ffn_fused
760,ADD,f32,5120x1x1x1,,n759;n753,12,201,residual_add
761,RMS_NORM,f32,5120x1x1x1,eps=9.999999975e-07,n760,13,202,rmsnorm
762,MUL,f32,5120x1x1x1,,n761;l210,13,202,rmsnorm
763,RESHAPE,f32,30720x1x1x1,,l211,13,203,conv_state_shift
764,VIEW,f32,0x1x1x1,offset=0,n763,13,203,conv_state_shift
765,SCALE,f32,0x1x1x1,scale=0 bias=0,n764,13,203,conv_state_shift
766,GET_ROWS,f32,30720x1x1x1,,n763;l6,13,203,conv_state_shift
767,GET_ROWS,f32,30720x0x1x1,,n763;l7,13,203,conv_state_shift
768,VIEW,f32,30720x0x1x1,offset=122880,l211,13,203,conv_state_shift
769,CPY,f32,30720x0x1x1,,n767;n768,13,203,conv_state_shift
770,RESHAPE,f32,3x10240x1x1,,n766,13,203,conv_state_shift
771,MUL_MAT,f32,10240x1x1x1,,l212;n762,13,204,qkv_mmvq
772,RESHAPE,f32,10240x1x1x1,,n771,13,204,qkv_mmvq
773,TRANSPOSE,f32,1x10240x1x1,,n772,13,204,qkv_mmvq
774,CONCAT,f32,4x10240x1x1,dim=0,n770;n773,13,205,conv_concat_store
775,VIEW,f32,3x10240x1x1,offset=4,n774,13,205,conv_concat_store
776,VIEW,f32,30720x1x1x1,offset=0,l211,13,205,conv_concat_store
777,CPY,f32,30720x1x1x1,,n775;n776,13,205,conv_concat_store
778,RESHAPE,f32,786432x1x1x1,,l213,13,206,ssm_state_fetch
779,VIEW,f32,0x1x1x1,offset=0,n778,13,206,ssm_state_fetch
780,SCALE,f32,0x1x1x1,scale=0 bias=0,n779,13,206,ssm_state_fetch
781,GET_ROWS,f32,786432x1x1x1,,n778;l6,13,206,ssm_state_fetch
782,GET_ROWS,f32,786432x0x1x1,,n778;l7,13,206,ssm_state_fetch
783,VIEW,f32,786432x0x1x1,offset=3145728,l213,13,206,ssm_state_fetch
784,CPY,f32,786432x0x1x1,,n782;n783,13,206,ssm_state_fetch
785,SSM_CONV,f32,10240x1x1x1,,n774;l214,13,207,ssm_conv_silu
786,UNARY,f32,10240x1x1x1,unary=silu(10),n785,13,207,ssm_conv_silu
787,VIEW,f32,128x16x1x1,offset=0,n786,13,208,qk_l2norm
788,L2_NORM,f32,128x16x1x1,eps=9.999999975e-07,n787,13,208,qk_l2norm
789,VIEW,f32,128x16x1x1,offset=8192,n786,13,208,qk_l2norm
790,L2_NORM,f32,128x16x1x1,eps=9.999999975e-07,n789,13,208,qk_l2norm
791,VIEW,f32,128x48x1x1,offset=16384,n786,13,208,qk_l2norm
792,MUL_MAT,f32,48x1x1x1,,l215;n762,13,209,gdn_gates
793,RESHAPE,f32,48x1x1x1,,n792,13,209,gdn_gates
794,ADD,f32,48x1x1x1,,n793;l216,13,209,gdn_gates
795,UNARY,f32,48x1x1x1,unary=softplus(15),n794,13,209,gdn_gates
796,MUL,f32,48x1x1x1,,n795;l217,13,209,gdn_gates
797,RESHAPE,f32,1x48x1x1,,n796,13,209,gdn_gates
798,MUL_MAT,f32,48x1x1x1,,l218;n762,13,209,gdn_gates
799,RESHAPE,f32,1x48x1x1,,n798,13,209,gdn_gates
800,UNARY,f32,1x48x1x1,unary=sigmoid(7),n799,13,209,gdn_gates
801,RESHAPE,f32,128x128x48x1,,n781,13,206,ssm_state_fetch
802,RESHAPE,f32,786432x1x1x1,,n801,13,206,ssm_state_fetch
803,GATED_DELTA_NET,f32,6144x129x1x1,,n788;n790;n791;n797;n800;n802,13,210,deltanet_step
804,VIEW,f32,128x128x48x1,offset=24576,n803,13,211,ssm_state_store
805,VIEW,f32,786432x1x1x1,offset=0,l213,13,211,ssm_state_store
806,CPY,f32,786432x1x1x1,,n804;n805,13,211,ssm_state_store
807,VIEW,f32,128x48x1x1,offset=0,n803,13,212,gated_out_norm
808,RMS_NORM,f32,128x48x1x1,eps=9.999999975e-07,n807,13,212,gated_out_norm
809,MUL,f32,128x48x1x1,,n808;l219,13,212,gated_out_norm
810,MUL_MAT,f32,6144x1x1x1,,l220;n762,13,212,gated_out_norm
811,RESHAPE,f32,128x48x1x1,,n810,13,212,gated_out_norm
812,UNARY,f32,128x48x1x1,unary=silu(10),n811,13,212,gated_out_norm
813,MUL,f32,128x48x1x1,,n809;n812,13,212,gated_out_norm
814,RESHAPE,f32,6144x1x1x1,,n813,13,212,gated_out_norm
815,MUL_MAT,f32,5120x1x1x1,,l221;n814,13,213,out_proj_ar16
816,RESHAPE,f32,5120x1x1x1,,n815,13,213,out_proj_ar16
817,ADD,f32,5120x1x1x1,,n816;n760,13,214,residual_add
818,RMS_NORM,f32,5120x1x1x1,eps=9.999999975e-07,n817,13,215,rmsnorm
819,MUL,f32,5120x1x1x1,,n818;l222,13,215,rmsnorm
820,MUL_MAT,f32,17408x1x1x1,,l223;n819,13,216,ffn_fused
821,MUL_MAT,f32,17408x1x1x1,,l224;n819,13,216,ffn_fused
822,GLU,f32,17408x1x1x1,glu=swiglu(2) swapped=0 alpha=0 limit=0,n820;n821,13,216,ffn_fused
823,MUL_MAT,f32,5120x1x1x1,,l225;n822,13,216,ffn_fused
824,ADD,f32,5120x1x1x1,,n823;n817,13,217,residual_add
825,RMS_NORM,f32,5120x1x1x1,eps=9.999999975e-07,n824,14,218,rmsnorm
826,MUL,f32,5120x1x1x1,,n825;l226,14,218,rmsnorm
827,RESHAPE,f32,30720x1x1x1,,l227,14,219,conv_state_shift
828,VIEW,f32,0x1x1x1,offset=0,n827,14,219,conv_state_shift
829,SCALE,f32,0x1x1x1,scale=0 bias=0,n828,14,219,conv_state_shift
830,GET_ROWS,f32,30720x1x1x1,,n827;l6,14,219,conv_state_shift
831,GET_ROWS,f32,30720x0x1x1,,n827;l7,14,219,conv_state_shift
832,VIEW,f32,30720x0x1x1,offset=122880,l227,14,219,conv_state_shift
833,CPY,f32,30720x0x1x1,,n831;n832,14,219,conv_state_shift
834,RESHAPE,f32,3x10240x1x1,,n830,14,219,conv_state_shift
835,MUL_MAT,f32,10240x1x1x1,,l228;n826,14,220,qkv_mmvq
836,RESHAPE,f32,10240x1x1x1,,n835,14,220,qkv_mmvq
837,TRANSPOSE,f32,1x10240x1x1,,n836,14,220,qkv_mmvq
838,CONCAT,f32,4x10240x1x1,dim=0,n834;n837,14,221,conv_concat_store
839,VIEW,f32,3x10240x1x1,offset=4,n838,14,221,conv_concat_store
840,VIEW,f32,30720x1x1x1,offset=0,l227,14,221,conv_concat_store
841,CPY,f32,30720x1x1x1,,n839;n840,14,221,conv_concat_store
842,RESHAPE,f32,786432x1x1x1,,l229,14,222,ssm_state_fetch
843,VIEW,f32,0x1x1x1,offset=0,n842,14,222,ssm_state_fetch
844,SCALE,f32,0x1x1x1,scale=0 bias=0,n843,14,222,ssm_state_fetch
845,GET_ROWS,f32,786432x1x1x1,,n842;l6,14,222,ssm_state_fetch
846,GET_ROWS,f32,786432x0x1x1,,n842;l7,14,222,ssm_state_fetch
847,VIEW,f32,786432x0x1x1,offset=3145728,l229,14,222,ssm_state_fetch
848,CPY,f32,786432x0x1x1,,n846;n847,14,222,ssm_state_fetch
849,SSM_CONV,f32,10240x1x1x1,,n838;l230,14,223,ssm_conv_silu
850,UNARY,f32,10240x1x1x1,unary=silu(10),n849,14,223,ssm_conv_silu
851,VIEW,f32,128x16x1x1,offset=0,n850,14,224,qk_l2norm
852,L2_NORM,f32,128x16x1x1,eps=9.999999975e-07,n851,14,224,qk_l2norm
853,VIEW,f32,128x16x1x1,offset=8192,n850,14,224,qk_l2norm
854,L2_NORM,f32,128x16x1x1,eps=9.999999975e-07,n853,14,224,qk_l2norm
855,VIEW,f32,128x48x1x1,offset=16384,n850,14,224,qk_l2norm
856,MUL_MAT,f32,48x1x1x1,,l231;n826,14,225,gdn_gates
857,RESHAPE,f32,48x1x1x1,,n856,14,225,gdn_gates
858,ADD,f32,48x1x1x1,,n857;l232,14,225,gdn_gates
859,UNARY,f32,48x1x1x1,unary=softplus(15),n858,14,225,gdn_gates
860,MUL,f32,48x1x1x1,,n859;l233,14,225,gdn_gates
861,RESHAPE,f32,1x48x1x1,,n860,14,225,gdn_gates
862,MUL_MAT,f32,48x1x1x1,,l234;n826,14,225,gdn_gates
863,RESHAPE,f32,1x48x1x1,,n862,14,225,gdn_gates
864,UNARY,f32,1x48x1x1,unary=sigmoid(7),n863,14,225,gdn_gates
865,RESHAPE,f32,128x128x48x1,,n845,14,222,ssm_state_fetch
866,RESHAPE,f32,786432x1x1x1,,n865,14,222,ssm_state_fetch
867,GATED_DELTA_NET,f32,6144x129x1x1,,n852;n854;n855;n861;n864;n866,14,226,deltanet_step
868,VIEW,f32,128x128x48x1,offset=24576,n867,14,227,ssm_state_store
869,VIEW,f32,786432x1x1x1,offset=0,l229,14,227,ssm_state_store
870,CPY,f32,786432x1x1x1,,n868;n869,14,227,ssm_state_store
871,VIEW,f32,128x48x1x1,offset=0,n867,14,228,gated_out_norm
872,RMS_NORM,f32,128x48x1x1,eps=9.999999975e-07,n871,14,228,gated_out_norm
873,MUL,f32,128x48x1x1,,n872;l235,14,228,gated_out_norm
874,MUL_MAT,f32,6144x1x1x1,,l236;n826,14,228,gated_out_norm
875,RESHAPE,f32,128x48x1x1,,n874,14,228,gated_out_norm
876,UNARY,f32,128x48x1x1,unary=silu(10),n875,14,228,gated_out_norm
877,MUL,f32,128x48x1x1,,n873;n876,14,228,gated_out_norm
878,RESHAPE,f32,6144x1x1x1,,n877,14,228,gated_out_norm
879,MUL_MAT,f32,5120x1x1x1,,l237;n878,14,229,out_proj_ar16
880,RESHAPE,f32,5120x1x1x1,,n879,14,229,out_proj_ar16
881,ADD,f32,5120x1x1x1,,n880;n824,14,230,residual_add
882,RMS_NORM,f32,5120x1x1x1,eps=9.999999975e-07,n881,14,231,rmsnorm
883,MUL,f32,5120x1x1x1,,n882;l238,14,231,rmsnorm
884,MUL_MAT,f32,17408x1x1x1,,l239;n883,14,232,ffn_fused
885,MUL_MAT,f32,17408x1x1x1,,l240;n883,14,232,ffn_fused
886,GLU,f32,17408x1x1x1,glu=swiglu(2) swapped=0 alpha=0 limit=0,n884;n885,14,232,ffn_fused
887,MUL_MAT,f32,5120x1x1x1,,l241;n886,14,232,ffn_fused
888,ADD,f32,5120x1x1x1,,n887;n881,14,233,residual_add
889,RMS_NORM,f32,5120x1x1x1,eps=9.999999975e-07,n888,15,234,rmsnorm
890,MUL,f32,5120x1x1x1,,n889;l242,15,234,rmsnorm
891,MUL_MAT,f32,12288x1x1x1,,l243;n890,15,235,q_gemv_norm_rope
892,VIEW,f32,256x24x1x1,offset=0,n891,15,235,q_gemv_norm_rope
893,RMS_NORM,f32,256x24x1x1,eps=9.999999975e-07,n892,15,235,q_gemv_norm_rope
894,MUL,f32,256x24x1x1,,n893;l244,15,235,q_gemv_norm_rope
895,ROPE,f32,256x24x1x1,n_dims=64 mode=IMROPE(40) n_ctx_orig=262144 freq_base=10000000 freq_scale=1 ext_factor=0 attn_factor=1 beta_fast=32 beta_slow=1 sections=[11 11 10 0],n894;l57,15,235,q_gemv_norm_rope
896,MUL_MAT,f32,1024x1x1x1,,l245;n890,15,236,v_gemv
897,RESHAPE,f32,256x4x1x1,,n896,15,236,v_gemv
898,MUL_MAT,f32,1024x1x1x1,,l246;n890,15,237,k_gemv_norm_rope
899,RESHAPE,f32,256x4x1x1,,n898,15,237,k_gemv_norm_rope
900,RMS_NORM,f32,256x4x1x1,eps=9.999999975e-07,n899,15,237,k_gemv_norm_rope
901,MUL,f32,256x4x1x1,,n900;l247,15,237,k_gemv_norm_rope
902,ROPE,f32,256x4x1x1,n_dims=64 mode=IMROPE(40) n_ctx_orig=262144 freq_base=10000000 freq_scale=1 ext_factor=0 attn_factor=1 beta_fast=32 beta_slow=1 sections=[11 11 10 0],n901;l57,15,237,k_gemv_norm_rope
903,VIEW,f32,1024x1x1x1,offset=0,n902,15,238,kv_append
904,SET_ROWS,f16,1024x262144x1x1,,n903;l61;l248,15,238,kv_append
905,VIEW,f32,1024x1x1x1,offset=0,n897,15,238,kv_append
906,SET_ROWS,f16,1024x262144x1x1,,n905;l63;l249,15,238,kv_append
907,VIEW,f32,256x24x1x1,offset=0,n895,15,239,fattn_prep
908,PERMUTE,f32,256x1x24x1,axes=[0 2 1 3],n907,15,239,fattn_prep
909,VIEW,f16,256x4x33024x1,offset=0,l248,15,239,fattn_prep
910,PERMUTE,f16,256x33024x4x1,axes=[0 2 1 3],n909,15,239,fattn_prep
911,VIEW,f16,256x4x33024x1,offset=0,l249,15,239,fattn_prep
912,PERMUTE,f16,256x33024x4x1,axes=[0 2 1 3],n911,15,239,fattn_prep
913,FLASH_ATTN_EXT,f32,256x24x1x1,scale=0.0625 max_bias=0 logit_softcap=0 prec=10,n908;n910;n912;n219,15,240,fattn_decode
914,RESHAPE,f32,6144x1x1x1,,n913,15,241,attn_gate_out
915,VIEW,f32,256x24x1x1,offset=1024,n891,15,241,attn_gate_out
916,CONT,f32,6144x1x1x1,,n915,15,241,attn_gate_out
917,UNARY,f32,6144x1x1x1,unary=sigmoid(7),n916,15,241,attn_gate_out
918,MUL,f32,6144x1x1x1,,n914;n917,15,241,attn_gate_out
919,MUL_MAT,f32,5120x1x1x1,,l250;n918,15,242,o_gemv
920,ADD,f32,5120x1x1x1,,n919;n888,15,243,residual_add
921,RMS_NORM,f32,5120x1x1x1,eps=9.999999975e-07,n920,15,244,rmsnorm
922,MUL,f32,5120x1x1x1,,n921;l251,15,244,rmsnorm
923,MUL_MAT,f32,17408x1x1x1,,l252;n922,15,245,ffn_fused
924,MUL_MAT,f32,17408x1x1x1,,l253;n922,15,245,ffn_fused
925,GLU,f32,17408x1x1x1,glu=swiglu(2) swapped=0 alpha=0 limit=0,n923;n924,15,245,ffn_fused
926,MUL_MAT,f32,5120x1x1x1,,l254;n925,15,245,ffn_fused
927,ADD,f32,5120x1x1x1,,n926;n920,15,246,residual_add
928,RMS_NORM,f32,5120x1x1x1,eps=9.999999975e-07,n927,16,247,rmsnorm
929,MUL,f32,5120x1x1x1,,n928;l255,16,247,rmsnorm
930,RESHAPE,f32,30720x1x1x1,,l256,16,248,conv_state_shift
931,VIEW,f32,0x1x1x1,offset=0,n930,16,248,conv_state_shift
932,SCALE,f32,0x1x1x1,scale=0 bias=0,n931,16,248,conv_state_shift
933,GET_ROWS,f32,30720x1x1x1,,n930;l6,16,248,conv_state_shift
934,GET_ROWS,f32,30720x0x1x1,,n930;l7,16,248,conv_state_shift
935,VIEW,f32,30720x0x1x1,offset=122880,l256,16,248,conv_state_shift
936,CPY,f32,30720x0x1x1,,n934;n935,16,248,conv_state_shift
937,RESHAPE,f32,3x10240x1x1,,n933,16,248,conv_state_shift
938,MUL_MAT,f32,10240x1x1x1,,l257;n929,16,249,qkv_mmvq
939,RESHAPE,f32,10240x1x1x1,,n938,16,249,qkv_mmvq
940,TRANSPOSE,f32,1x10240x1x1,,n939,16,249,qkv_mmvq
941,CONCAT,f32,4x10240x1x1,dim=0,n937;n940,16,250,conv_concat_store
942,VIEW,f32,3x10240x1x1,offset=4,n941,16,250,conv_concat_store
943,VIEW,f32,30720x1x1x1,offset=0,l256,16,250,conv_concat_store
944,CPY,f32,30720x1x1x1,,n942;n943,16,250,conv_concat_store
945,RESHAPE,f32,786432x1x1x1,,l258,16,251,ssm_state_fetch
946,VIEW,f32,0x1x1x1,offset=0,n945,16,251,ssm_state_fetch
947,SCALE,f32,0x1x1x1,scale=0 bias=0,n946,16,251,ssm_state_fetch
948,GET_ROWS,f32,786432x1x1x1,,n945;l6,16,251,ssm_state_fetch
949,GET_ROWS,f32,786432x0x1x1,,n945;l7,16,251,ssm_state_fetch
950,VIEW,f32,786432x0x1x1,offset=3145728,l258,16,251,ssm_state_fetch
951,CPY,f32,786432x0x1x1,,n949;n950,16,251,ssm_state_fetch
952,SSM_CONV,f32,10240x1x1x1,,n941;l259,16,252,ssm_conv_silu
953,UNARY,f32,10240x1x1x1,unary=silu(10),n952,16,252,ssm_conv_silu
954,VIEW,f32,128x16x1x1,offset=0,n953,16,253,qk_l2norm
955,L2_NORM,f32,128x16x1x1,eps=9.999999975e-07,n954,16,253,qk_l2norm
956,VIEW,f32,128x16x1x1,offset=8192,n953,16,253,qk_l2norm
957,L2_NORM,f32,128x16x1x1,eps=9.999999975e-07,n956,16,253,qk_l2norm
958,VIEW,f32,128x48x1x1,offset=16384,n953,16,253,qk_l2norm
959,MUL_MAT,f32,48x1x1x1,,l260;n929,16,254,gdn_gates
960,RESHAPE,f32,48x1x1x1,,n959,16,254,gdn_gates
961,ADD,f32,48x1x1x1,,n960;l261,16,254,gdn_gates
962,UNARY,f32,48x1x1x1,unary=softplus(15),n961,16,254,gdn_gates
963,MUL,f32,48x1x1x1,,n962;l262,16,254,gdn_gates
964,RESHAPE,f32,1x48x1x1,,n963,16,254,gdn_gates
965,MUL_MAT,f32,48x1x1x1,,l263;n929,16,254,gdn_gates
966,RESHAPE,f32,1x48x1x1,,n965,16,254,gdn_gates
967,UNARY,f32,1x48x1x1,unary=sigmoid(7),n966,16,254,gdn_gates
968,RESHAPE,f32,128x128x48x1,,n948,16,251,ssm_state_fetch
969,RESHAPE,f32,786432x1x1x1,,n968,16,251,ssm_state_fetch
970,GATED_DELTA_NET,f32,6144x129x1x1,,n955;n957;n958;n964;n967;n969,16,255,deltanet_step
971,VIEW,f32,128x128x48x1,offset=24576,n970,16,256,ssm_state_store
972,VIEW,f32,786432x1x1x1,offset=0,l258,16,256,ssm_state_store
973,CPY,f32,786432x1x1x1,,n971;n972,16,256,ssm_state_store
974,VIEW,f32,128x48x1x1,offset=0,n970,16,257,gated_out_norm
975,RMS_NORM,f32,128x48x1x1,eps=9.999999975e-07,n974,16,257,gated_out_norm
976,MUL,f32,128x48x1x1,,n975;l264,16,257,gated_out_norm
977,MUL_MAT,f32,6144x1x1x1,,l265;n929,16,257,gated_out_norm
978,RESHAPE,f32,128x48x1x1,,n977,16,257,gated_out_norm
979,UNARY,f32,128x48x1x1,unary=silu(10),n978,16,257,gated_out_norm
980,MUL,f32,128x48x1x1,,n976;n979,16,257,gated_out_norm
981,RESHAPE,f32,6144x1x1x1,,n980,16,257,gated_out_norm
982,MUL_MAT,f32,5120x1x1x1,,l266;n981,16,258,out_proj_ar16
983,RESHAPE,f32,5120x1x1x1,,n982,16,258,out_proj_ar16
984,ADD,f32,5120x1x1x1,,n983;n927,16,259,residual_add
985,RMS_NORM,f32,5120x1x1x1,eps=9.999999975e-07,n984,16,260,rmsnorm
986,MUL,f32,5120x1x1x1,,n985;l267,16,260,rmsnorm
987,MUL_MAT,f32,17408x1x1x1,,l268;n986,16,261,ffn_fused
988,MUL_MAT,f32,17408x1x1x1,,l269;n986,16,261,ffn_fused
989,GLU,f32,17408x1x1x1,glu=swiglu(2) swapped=0 alpha=0 limit=0,n987;n988,16,261,ffn_fused
990,MUL_MAT,f32,5120x1x1x1,,l270;n989,16,261,ffn_fused
991,ADD,f32,5120x1x1x1,,n990;n984,16,262,residual_add
992,RMS_NORM,f32,5120x1x1x1,eps=9.999999975e-07,n991,17,263,rmsnorm
993,MUL,f32,5120x1x1x1,,n992;l271,17,263,rmsnorm
994,RESHAPE,f32,30720x1x1x1,,l272,17,264,conv_state_shift
995,VIEW,f32,0x1x1x1,offset=0,n994,17,264,conv_state_shift
996,SCALE,f32,0x1x1x1,scale=0 bias=0,n995,17,264,conv_state_shift
997,GET_ROWS,f32,30720x1x1x1,,n994;l6,17,264,conv_state_shift
998,GET_ROWS,f32,30720x0x1x1,,n994;l7,17,264,conv_state_shift
999,VIEW,f32,30720x0x1x1,offset=122880,l272,17,264,conv_state_shift
1000,CPY,f32,30720x0x1x1,,n998;n999,17,264,conv_state_shift
1001,RESHAPE,f32,3x10240x1x1,,n997,17,264,conv_state_shift
1002,MUL_MAT,f32,10240x1x1x1,,l273;n993,17,265,qkv_mmvq
1003,RESHAPE,f32,10240x1x1x1,,n1002,17,265,qkv_mmvq
1004,TRANSPOSE,f32,1x10240x1x1,,n1003,17,265,qkv_mmvq
1005,CONCAT,f32,4x10240x1x1,dim=0,n1001;n1004,17,266,conv_concat_store
1006,VIEW,f32,3x10240x1x1,offset=4,n1005,17,266,conv_concat_store
1007,VIEW,f32,30720x1x1x1,offset=0,l272,17,266,conv_concat_store
1008,CPY,f32,30720x1x1x1,,n1006;n1007,17,266,conv_concat_store
1009,RESHAPE,f32,786432x1x1x1,,l274,17,267,ssm_state_fetch
1010,VIEW,f32,0x1x1x1,offset=0,n1009,17,267,ssm_state_fetch
1011,SCALE,f32,0x1x1x1,scale=0 bias=0,n1010,17,267,ssm_state_fetch
1012,GET_ROWS,f32,786432x1x1x1,,n1009;l6,17,267,ssm_state_fetch
1013,GET_ROWS,f32,786432x0x1x1,,n1009;l7,17,267,ssm_state_fetch
1014,VIEW,f32,786432x0x1x1,offset=3145728,l274,17,267,ssm_state_fetch
1015,CPY,f32,786432x0x1x1,,n1013;n1014,17,267,ssm_state_fetch
1016,SSM_CONV,f32,10240x1x1x1,,n1005;l275,17,268,ssm_conv_silu
1017,UNARY,f32,10240x1x1x1,unary=silu(10),n1016,17,268,ssm_conv_silu
1018,VIEW,f32,128x16x1x1,offset=0,n1017,17,269,qk_l2norm
1019,L2_NORM,f32,128x16x1x1,eps=9.999999975e-07,n1018,17,269,qk_l2norm
1020,VIEW,f32,128x16x1x1,offset=8192,n1017,17,269,qk_l2norm
1021,L2_NORM,f32,128x16x1x1,eps=9.999999975e-07,n1020,17,269,qk_l2norm
1022,VIEW,f32,128x48x1x1,offset=16384,n1017,17,269,qk_l2norm
1023,MUL_MAT,f32,48x1x1x1,,l276;n993,17,270,gdn_gates
1024,RESHAPE,f32,48x1x1x1,,n1023,17,270,gdn_gates
1025,ADD,f32,48x1x1x1,,n1024;l277,17,270,gdn_gates
1026,UNARY,f32,48x1x1x1,unary=softplus(15),n1025,17,270,gdn_gates
1027,MUL,f32,48x1x1x1,,n1026;l278,17,270,gdn_gates
1028,RESHAPE,f32,1x48x1x1,,n1027,17,270,gdn_gates
1029,MUL_MAT,f32,48x1x1x1,,l279;n993,17,270,gdn_gates
1030,RESHAPE,f32,1x48x1x1,,n1029,17,270,gdn_gates
1031,UNARY,f32,1x48x1x1,unary=sigmoid(7),n1030,17,270,gdn_gates
1032,RESHAPE,f32,128x128x48x1,,n1012,17,267,ssm_state_fetch
1033,RESHAPE,f32,786432x1x1x1,,n1032,17,267,ssm_state_fetch
1034,GATED_DELTA_NET,f32,6144x129x1x1,,n1019;n1021;n1022;n1028;n1031;n1033,17,271,deltanet_step
1035,VIEW,f32,128x128x48x1,offset=24576,n1034,17,272,ssm_state_store
1036,VIEW,f32,786432x1x1x1,offset=0,l274,17,272,ssm_state_store
1037,CPY,f32,786432x1x1x1,,n1035;n1036,17,272,ssm_state_store
1038,VIEW,f32,128x48x1x1,offset=0,n1034,17,273,gated_out_norm
1039,RMS_NORM,f32,128x48x1x1,eps=9.999999975e-07,n1038,17,273,gated_out_norm
1040,MUL,f32,128x48x1x1,,n1039;l280,17,273,gated_out_norm
1041,MUL_MAT,f32,6144x1x1x1,,l281;n993,17,273,gated_out_norm
1042,RESHAPE,f32,128x48x1x1,,n1041,17,273,gated_out_norm
1043,UNARY,f32,128x48x1x1,unary=silu(10),n1042,17,273,gated_out_norm
1044,MUL,f32,128x48x1x1,,n1040;n1043,17,273,gated_out_norm
1045,RESHAPE,f32,6144x1x1x1,,n1044,17,273,gated_out_norm
1046,MUL_MAT,f32,5120x1x1x1,,l282;n1045,17,274,out_proj_ar16
1047,RESHAPE,f32,5120x1x1x1,,n1046,17,274,out_proj_ar16
1048,ADD,f32,5120x1x1x1,,n1047;n991,17,275,residual_add
1049,RMS_NORM,f32,5120x1x1x1,eps=9.999999975e-07,n1048,17,276,rmsnorm
1050,MUL,f32,5120x1x1x1,,n1049;l283,17,276,rmsnorm
1051,MUL_MAT,f32,17408x1x1x1,,l284;n1050,17,277,ffn_fused
1052,MUL_MAT,f32,17408x1x1x1,,l285;n1050,17,277,ffn_fused
1053,GLU,f32,17408x1x1x1,glu=swiglu(2) swapped=0 alpha=0 limit=0,n1051;n1052,17,277,ffn_fused
1054,MUL_MAT,f32,5120x1x1x1,,l286;n1053,17,277,ffn_fused
1055,ADD,f32,5120x1x1x1,,n1054;n1048,17,278,residual_add
1056,RMS_NORM,f32,5120x1x1x1,eps=9.999999975e-07,n1055,18,279,rmsnorm
1057,MUL,f32,5120x1x1x1,,n1056;l287,18,279,rmsnorm
1058,RESHAPE,f32,30720x1x1x1,,l288,18,280,conv_state_shift
1059,VIEW,f32,0x1x1x1,offset=0,n1058,18,280,conv_state_shift
1060,SCALE,f32,0x1x1x1,scale=0 bias=0,n1059,18,280,conv_state_shift
1061,GET_ROWS,f32,30720x1x1x1,,n1058;l6,18,280,conv_state_shift
1062,GET_ROWS,f32,30720x0x1x1,,n1058;l7,18,280,conv_state_shift
1063,VIEW,f32,30720x0x1x1,offset=122880,l288,18,280,conv_state_shift
1064,CPY,f32,30720x0x1x1,,n1062;n1063,18,280,conv_state_shift
1065,RESHAPE,f32,3x10240x1x1,,n1061,18,280,conv_state_shift
1066,MUL_MAT,f32,10240x1x1x1,,l289;n1057,18,281,qkv_mmvq
1067,RESHAPE,f32,10240x1x1x1,,n1066,18,281,qkv_mmvq
1068,TRANSPOSE,f32,1x10240x1x1,,n1067,18,281,qkv_mmvq
1069,CONCAT,f32,4x10240x1x1,dim=0,n1065;n1068,18,282,conv_concat_store
1070,VIEW,f32,3x10240x1x1,offset=4,n1069,18,282,conv_concat_store
1071,VIEW,f32,30720x1x1x1,offset=0,l288,18,282,conv_concat_store
1072,CPY,f32,30720x1x1x1,,n1070;n1071,18,282,conv_concat_store
1073,RESHAPE,f32,786432x1x1x1,,l290,18,283,ssm_state_fetch
1074,VIEW,f32,0x1x1x1,offset=0,n1073,18,283,ssm_state_fetch
1075,SCALE,f32,0x1x1x1,scale=0 bias=0,n1074,18,283,ssm_state_fetch
1076,GET_ROWS,f32,786432x1x1x1,,n1073;l6,18,283,ssm_state_fetch
1077,GET_ROWS,f32,786432x0x1x1,,n1073;l7,18,283,ssm_state_fetch
1078,VIEW,f32,786432x0x1x1,offset=3145728,l290,18,283,ssm_state_fetch
1079,CPY,f32,786432x0x1x1,,n1077;n1078,18,283,ssm_state_fetch
1080,SSM_CONV,f32,10240x1x1x1,,n1069;l291,18,284,ssm_conv_silu
1081,UNARY,f32,10240x1x1x1,unary=silu(10),n1080,18,284,ssm_conv_silu
1082,VIEW,f32,128x16x1x1,offset=0,n1081,18,285,qk_l2norm
1083,L2_NORM,f32,128x16x1x1,eps=9.999999975e-07,n1082,18,285,qk_l2norm
1084,VIEW,f32,128x16x1x1,offset=8192,n1081,18,285,qk_l2norm
1085,L2_NORM,f32,128x16x1x1,eps=9.999999975e-07,n1084,18,285,qk_l2norm
1086,VIEW,f32,128x48x1x1,offset=16384,n1081,18,285,qk_l2norm
1087,MUL_MAT,f32,48x1x1x1,,l292;n1057,18,286,gdn_gates
1088,RESHAPE,f32,48x1x1x1,,n1087,18,286,gdn_gates
1089,ADD,f32,48x1x1x1,,n1088;l293,18,286,gdn_gates
1090,UNARY,f32,48x1x1x1,unary=softplus(15),n1089,18,286,gdn_gates
1091,MUL,f32,48x1x1x1,,n1090;l294,18,286,gdn_gates
1092,RESHAPE,f32,1x48x1x1,,n1091,18,286,gdn_gates
1093,MUL_MAT,f32,48x1x1x1,,l295;n1057,18,286,gdn_gates
1094,RESHAPE,f32,1x48x1x1,,n1093,18,286,gdn_gates
1095,UNARY,f32,1x48x1x1,unary=sigmoid(7),n1094,18,286,gdn_gates
1096,RESHAPE,f32,128x128x48x1,,n1076,18,283,ssm_state_fetch
1097,RESHAPE,f32,786432x1x1x1,,n1096,18,283,ssm_state_fetch
1098,GATED_DELTA_NET,f32,6144x129x1x1,,n1083;n1085;n1086;n1092;n1095;n1097,18,287,deltanet_step
1099,VIEW,f32,128x128x48x1,offset=24576,n1098,18,288,ssm_state_store
1100,VIEW,f32,786432x1x1x1,offset=0,l290,18,288,ssm_state_store
1101,CPY,f32,786432x1x1x1,,n1099;n1100,18,288,ssm_state_store
1102,VIEW,f32,128x48x1x1,offset=0,n1098,18,289,gated_out_norm
1103,RMS_NORM,f32,128x48x1x1,eps=9.999999975e-07,n1102,18,289,gated_out_norm
1104,MUL,f32,128x48x1x1,,n1103;l296,18,289,gated_out_norm
1105,MUL_MAT,f32,6144x1x1x1,,l297;n1057,18,289,gated_out_norm
1106,RESHAPE,f32,128x48x1x1,,n1105,18,289,gated_out_norm
1107,UNARY,f32,128x48x1x1,unary=silu(10),n1106,18,289,gated_out_norm
1108,MUL,f32,128x48x1x1,,n1104;n1107,18,289,gated_out_norm
1109,RESHAPE,f32,6144x1x1x1,,n1108,18,289,gated_out_norm
1110,MUL_MAT,f32,5120x1x1x1,,l298;n1109,18,290,out_proj_ar16
1111,RESHAPE,f32,5120x1x1x1,,n1110,18,290,out_proj_ar16
1112,ADD,f32,5120x1x1x1,,n1111;n1055,18,291,residual_add
1113,RMS_NORM,f32,5120x1x1x1,eps=9.999999975e-07,n1112,18,292,rmsnorm
1114,MUL,f32,5120x1x1x1,,n1113;l299,18,292,rmsnorm
1115,MUL_MAT,f32,17408x1x1x1,,l300;n1114,18,293,ffn_fused
1116,MUL_MAT,f32,17408x1x1x1,,l301;n1114,18,293,ffn_fused
1117,GLU,f32,17408x1x1x1,glu=swiglu(2) swapped=0 alpha=0 limit=0,n1115;n1116,18,293,ffn_fused
1118,MUL_MAT,f32,5120x1x1x1,,l302;n1117,18,293,ffn_fused
1119,ADD,f32,5120x1x1x1,,n1118;n1112,18,294,residual_add
1120,RMS_NORM,f32,5120x1x1x1,eps=9.999999975e-07,n1119,19,295,rmsnorm
1121,MUL,f32,5120x1x1x1,,n1120;l303,19,295,rmsnorm
1122,MUL_MAT,f32,12288x1x1x1,,l304;n1121,19,296,q_gemv_norm_rope
1123,VIEW,f32,256x24x1x1,offset=0,n1122,19,296,q_gemv_norm_rope
1124,RMS_NORM,f32,256x24x1x1,eps=9.999999975e-07,n1123,19,296,q_gemv_norm_rope
1125,MUL,f32,256x24x1x1,,n1124;l305,19,296,q_gemv_norm_rope
1126,ROPE,f32,256x24x1x1,n_dims=64 mode=IMROPE(40) n_ctx_orig=262144 freq_base=10000000 freq_scale=1 ext_factor=0 attn_factor=1 beta_fast=32 beta_slow=1 sections=[11 11 10 0],n1125;l57,19,296,q_gemv_norm_rope
1127,MUL_MAT,f32,1024x1x1x1,,l306;n1121,19,297,v_gemv
1128,RESHAPE,f32,256x4x1x1,,n1127,19,297,v_gemv
1129,MUL_MAT,f32,1024x1x1x1,,l307;n1121,19,298,k_gemv_norm_rope
1130,RESHAPE,f32,256x4x1x1,,n1129,19,298,k_gemv_norm_rope
1131,RMS_NORM,f32,256x4x1x1,eps=9.999999975e-07,n1130,19,298,k_gemv_norm_rope
1132,MUL,f32,256x4x1x1,,n1131;l308,19,298,k_gemv_norm_rope
1133,ROPE,f32,256x4x1x1,n_dims=64 mode=IMROPE(40) n_ctx_orig=262144 freq_base=10000000 freq_scale=1 ext_factor=0 attn_factor=1 beta_fast=32 beta_slow=1 sections=[11 11 10 0],n1132;l57,19,298,k_gemv_norm_rope
1134,VIEW,f32,1024x1x1x1,offset=0,n1133,19,299,kv_append
1135,SET_ROWS,f16,1024x262144x1x1,,n1134;l61;l309,19,299,kv_append
1136,VIEW,f32,1024x1x1x1,offset=0,n1128,19,299,kv_append
1137,SET_ROWS,f16,1024x262144x1x1,,n1136;l63;l310,19,299,kv_append
1138,VIEW,f32,256x24x1x1,offset=0,n1126,19,300,fattn_prep
1139,PERMUTE,f32,256x1x24x1,axes=[0 2 1 3],n1138,19,300,fattn_prep
1140,VIEW,f16,256x4x33024x1,offset=0,l309,19,300,fattn_prep
1141,PERMUTE,f16,256x33024x4x1,axes=[0 2 1 3],n1140,19,300,fattn_prep
1142,VIEW,f16,256x4x33024x1,offset=0,l310,19,300,fattn_prep
1143,PERMUTE,f16,256x33024x4x1,axes=[0 2 1 3],n1142,19,300,fattn_prep
1144,FLASH_ATTN_EXT,f32,256x24x1x1,scale=0.0625 max_bias=0 logit_softcap=0 prec=10,n1139;n1141;n1143;n219,19,301,fattn_decode
1145,RESHAPE,f32,6144x1x1x1,,n1144,19,302,attn_gate_out
1146,VIEW,f32,256x24x1x1,offset=1024,n1122,19,302,attn_gate_out
1147,CONT,f32,6144x1x1x1,,n1146,19,302,attn_gate_out
1148,UNARY,f32,6144x1x1x1,unary=sigmoid(7),n1147,19,302,attn_gate_out
1149,MUL,f32,6144x1x1x1,,n1145;n1148,19,302,attn_gate_out
1150,MUL_MAT,f32,5120x1x1x1,,l311;n1149,19,303,o_gemv
1151,ADD,f32,5120x1x1x1,,n1150;n1119,19,304,residual_add
1152,RMS_NORM,f32,5120x1x1x1,eps=9.999999975e-07,n1151,19,305,rmsnorm
1153,MUL,f32,5120x1x1x1,,n1152;l312,19,305,rmsnorm
1154,MUL_MAT,f32,17408x1x1x1,,l313;n1153,19,306,ffn_fused
1155,MUL_MAT,f32,17408x1x1x1,,l314;n1153,19,306,ffn_fused
1156,GLU,f32,17408x1x1x1,glu=swiglu(2) swapped=0 alpha=0 limit=0,n1154;n1155,19,306,ffn_fused
1157,MUL_MAT,f32,5120x1x1x1,,l315;n1156,19,306,ffn_fused
1158,ADD,f32,5120x1x1x1,,n1157;n1151,19,307,residual_add
1159,RMS_NORM,f32,5120x1x1x1,eps=9.999999975e-07,n1158,20,308,rmsnorm
1160,MUL,f32,5120x1x1x1,,n1159;l316,20,308,rmsnorm
1161,RESHAPE,f32,30720x1x1x1,,l317,20,309,conv_state_shift
1162,VIEW,f32,0x1x1x1,offset=0,n1161,20,309,conv_state_shift
1163,SCALE,f32,0x1x1x1,scale=0 bias=0,n1162,20,309,conv_state_shift
1164,GET_ROWS,f32,30720x1x1x1,,n1161;l6,20,309,conv_state_shift
1165,GET_ROWS,f32,30720x0x1x1,,n1161;l7,20,309,conv_state_shift
1166,VIEW,f32,30720x0x1x1,offset=122880,l317,20,309,conv_state_shift
1167,CPY,f32,30720x0x1x1,,n1165;n1166,20,309,conv_state_shift
1168,RESHAPE,f32,3x10240x1x1,,n1164,20,309,conv_state_shift
1169,MUL_MAT,f32,10240x1x1x1,,l318;n1160,20,310,qkv_mmvq
1170,RESHAPE,f32,10240x1x1x1,,n1169,20,310,qkv_mmvq
1171,TRANSPOSE,f32,1x10240x1x1,,n1170,20,310,qkv_mmvq
1172,CONCAT,f32,4x10240x1x1,dim=0,n1168;n1171,20,311,conv_concat_store
1173,VIEW,f32,3x10240x1x1,offset=4,n1172,20,311,conv_concat_store
1174,VIEW,f32,30720x1x1x1,offset=0,l317,20,311,conv_concat_store
1175,CPY,f32,30720x1x1x1,,n1173;n1174,20,311,conv_concat_store
1176,RESHAPE,f32,786432x1x1x1,,l319,20,312,ssm_state_fetch
1177,VIEW,f32,0x1x1x1,offset=0,n1176,20,312,ssm_state_fetch
1178,SCALE,f32,0x1x1x1,scale=0 bias=0,n1177,20,312,ssm_state_fetch
1179,GET_ROWS,f32,786432x1x1x1,,n1176;l6,20,312,ssm_state_fetch
1180,GET_ROWS,f32,786432x0x1x1,,n1176;l7,20,312,ssm_state_fetch
1181,VIEW,f32,786432x0x1x1,offset=3145728,l319,20,312,ssm_state_fetch
1182,CPY,f32,786432x0x1x1,,n1180;n1181,20,312,ssm_state_fetch
1183,SSM_CONV,f32,10240x1x1x1,,n1172;l320,20,313,ssm_conv_silu
1184,UNARY,f32,10240x1x1x1,unary=silu(10),n1183,20,313,ssm_conv_silu
1185,VIEW,f32,128x16x1x1,offset=0,n1184,20,314,qk_l2norm
1186,L2_NORM,f32,128x16x1x1,eps=9.999999975e-07,n1185,20,314,qk_l2norm
1187,VIEW,f32,128x16x1x1,offset=8192,n1184,20,314,qk_l2norm
1188,L2_NORM,f32,128x16x1x1,eps=9.999999975e-07,n1187,20,314,qk_l2norm
1189,VIEW,f32,128x48x1x1,offset=16384,n1184,20,314,qk_l2norm
1190,MUL_MAT,f32,48x1x1x1,,l321;n1160,20,315,gdn_gates
1191,RESHAPE,f32,48x1x1x1,,n1190,20,315,gdn_gates
1192,ADD,f32,48x1x1x1,,n1191;l322,20,315,gdn_gates
1193,UNARY,f32,48x1x1x1,unary=softplus(15),n1192,20,315,gdn_gates
1194,MUL,f32,48x1x1x1,,n1193;l323,20,315,gdn_gates
1195,RESHAPE,f32,1x48x1x1,,n1194,20,315,gdn_gates
1196,MUL_MAT,f32,48x1x1x1,,l324;n1160,20,315,gdn_gates
1197,RESHAPE,f32,1x48x1x1,,n1196,20,315,gdn_gates
1198,UNARY,f32,1x48x1x1,unary=sigmoid(7),n1197,20,315,gdn_gates
1199,RESHAPE,f32,128x128x48x1,,n1179,20,312,ssm_state_fetch
1200,RESHAPE,f32,786432x1x1x1,,n1199,20,312,ssm_state_fetch
1201,GATED_DELTA_NET,f32,6144x129x1x1,,n1186;n1188;n1189;n1195;n1198;n1200,20,316,deltanet_step
1202,VIEW,f32,128x128x48x1,offset=24576,n1201,20,317,ssm_state_store
1203,VIEW,f32,786432x1x1x1,offset=0,l319,20,317,ssm_state_store
1204,CPY,f32,786432x1x1x1,,n1202;n1203,20,317,ssm_state_store
1205,VIEW,f32,128x48x1x1,offset=0,n1201,20,318,gated_out_norm
1206,RMS_NORM,f32,128x48x1x1,eps=9.999999975e-07,n1205,20,318,gated_out_norm
1207,MUL,f32,128x48x1x1,,n1206;l325,20,318,gated_out_norm
1208,MUL_MAT,f32,6144x1x1x1,,l326;n1160,20,318,gated_out_norm
1209,RESHAPE,f32,128x48x1x1,,n1208,20,318,gated_out_norm
1210,UNARY,f32,128x48x1x1,unary=silu(10),n1209,20,318,gated_out_norm
1211,MUL,f32,128x48x1x1,,n1207;n1210,20,318,gated_out_norm
1212,RESHAPE,f32,6144x1x1x1,,n1211,20,318,gated_out_norm
1213,MUL_MAT,f32,5120x1x1x1,,l327;n1212,20,319,out_proj_ar16
1214,RESHAPE,f32,5120x1x1x1,,n1213,20,319,out_proj_ar16
1215,ADD,f32,5120x1x1x1,,n1214;n1158,20,320,residual_add
1216,RMS_NORM,f32,5120x1x1x1,eps=9.999999975e-07,n1215,20,321,rmsnorm
1217,MUL,f32,5120x1x1x1,,n1216;l328,20,321,rmsnorm
1218,MUL_MAT,f32,17408x1x1x1,,l329;n1217,20,322,ffn_fused
1219,MUL_MAT,f32,17408x1x1x1,,l330;n1217,20,322,ffn_fused
1220,GLU,f32,17408x1x1x1,glu=swiglu(2) swapped=0 alpha=0 limit=0,n1218;n1219,20,322,ffn_fused
1221,MUL_MAT,f32,5120x1x1x1,,l331;n1220,20,322,ffn_fused
1222,ADD,f32,5120x1x1x1,,n1221;n1215,20,323,residual_add
1223,RMS_NORM,f32,5120x1x1x1,eps=9.999999975e-07,n1222,21,324,rmsnorm
1224,MUL,f32,5120x1x1x1,,n1223;l332,21,324,rmsnorm
1225,RESHAPE,f32,30720x1x1x1,,l333,21,325,conv_state_shift
1226,VIEW,f32,0x1x1x1,offset=0,n1225,21,325,conv_state_shift
1227,SCALE,f32,0x1x1x1,scale=0 bias=0,n1226,21,325,conv_state_shift
1228,GET_ROWS,f32,30720x1x1x1,,n1225;l6,21,325,conv_state_shift
1229,GET_ROWS,f32,30720x0x1x1,,n1225;l7,21,325,conv_state_shift
1230,VIEW,f32,30720x0x1x1,offset=122880,l333,21,325,conv_state_shift
1231,CPY,f32,30720x0x1x1,,n1229;n1230,21,325,conv_state_shift
1232,RESHAPE,f32,3x10240x1x1,,n1228,21,325,conv_state_shift
1233,MUL_MAT,f32,10240x1x1x1,,l334;n1224,21,326,qkv_mmvq
1234,RESHAPE,f32,10240x1x1x1,,n1233,21,326,qkv_mmvq
1235,TRANSPOSE,f32,1x10240x1x1,,n1234,21,326,qkv_mmvq
1236,CONCAT,f32,4x10240x1x1,dim=0,n1232;n1235,21,327,conv_concat_store
1237,VIEW,f32,3x10240x1x1,offset=4,n1236,21,327,conv_concat_store
1238,VIEW,f32,30720x1x1x1,offset=0,l333,21,327,conv_concat_store
1239,CPY,f32,30720x1x1x1,,n1237;n1238,21,327,conv_concat_store
1240,RESHAPE,f32,786432x1x1x1,,l335,21,328,ssm_state_fetch
1241,VIEW,f32,0x1x1x1,offset=0,n1240,21,328,ssm_state_fetch
1242,SCALE,f32,0x1x1x1,scale=0 bias=0,n1241,21,328,ssm_state_fetch
1243,GET_ROWS,f32,786432x1x1x1,,n1240;l6,21,328,ssm_state_fetch
1244,GET_ROWS,f32,786432x0x1x1,,n1240;l7,21,328,ssm_state_fetch
1245,VIEW,f32,786432x0x1x1,offset=3145728,l335,21,328,ssm_state_fetch
1246,CPY,f32,786432x0x1x1,,n1244;n1245,21,328,ssm_state_fetch
1247,SSM_CONV,f32,10240x1x1x1,,n1236;l336,21,329,ssm_conv_silu
1248,UNARY,f32,10240x1x1x1,unary=silu(10),n1247,21,329,ssm_conv_silu
1249,VIEW,f32,128x16x1x1,offset=0,n1248,21,330,qk_l2norm
1250,L2_NORM,f32,128x16x1x1,eps=9.999999975e-07,n1249,21,330,qk_l2norm
1251,VIEW,f32,128x16x1x1,offset=8192,n1248,21,330,qk_l2norm
1252,L2_NORM,f32,128x16x1x1,eps=9.999999975e-07,n1251,21,330,qk_l2norm
1253,VIEW,f32,128x48x1x1,offset=16384,n1248,21,330,qk_l2norm
1254,MUL_MAT,f32,48x1x1x1,,l337;n1224,21,331,gdn_gates
1255,RESHAPE,f32,48x1x1x1,,n1254,21,331,gdn_gates
1256,ADD,f32,48x1x1x1,,n1255;l338,21,331,gdn_gates
1257,UNARY,f32,48x1x1x1,unary=softplus(15),n1256,21,331,gdn_gates
1258,MUL,f32,48x1x1x1,,n1257;l339,21,331,gdn_gates
1259,RESHAPE,f32,1x48x1x1,,n1258,21,331,gdn_gates
1260,MUL_MAT,f32,48x1x1x1,,l340;n1224,21,331,gdn_gates
1261,RESHAPE,f32,1x48x1x1,,n1260,21,331,gdn_gates
1262,UNARY,f32,1x48x1x1,unary=sigmoid(7),n1261,21,331,gdn_gates
1263,RESHAPE,f32,128x128x48x1,,n1243,21,328,ssm_state_fetch
1264,RESHAPE,f32,786432x1x1x1,,n1263,21,328,ssm_state_fetch
1265,GATED_DELTA_NET,f32,6144x129x1x1,,n1250;n1252;n1253;n1259;n1262;n1264,21,332,deltanet_step
1266,VIEW,f32,128x128x48x1,offset=24576,n1265,21,333,ssm_state_store
1267,VIEW,f32,786432x1x1x1,offset=0,l335,21,333,ssm_state_store
1268,CPY,f32,786432x1x1x1,,n1266;n1267,21,333,ssm_state_store
1269,VIEW,f32,128x48x1x1,offset=0,n1265,21,334,gated_out_norm
1270,RMS_NORM,f32,128x48x1x1,eps=9.999999975e-07,n1269,21,334,gated_out_norm
1271,MUL,f32,128x48x1x1,,n1270;l341,21,334,gated_out_norm
1272,MUL_MAT,f32,6144x1x1x1,,l342;n1224,21,334,gated_out_norm
1273,RESHAPE,f32,128x48x1x1,,n1272,21,334,gated_out_norm
1274,UNARY,f32,128x48x1x1,unary=silu(10),n1273,21,334,gated_out_norm
1275,MUL,f32,128x48x1x1,,n1271;n1274,21,334,gated_out_norm
1276,RESHAPE,f32,6144x1x1x1,,n1275,21,334,gated_out_norm
1277,MUL_MAT,f32,5120x1x1x1,,l343;n1276,21,335,out_proj_ar16
1278,RESHAPE,f32,5120x1x1x1,,n1277,21,335,out_proj_ar16
1279,ADD,f32,5120x1x1x1,,n1278;n1222,21,336,residual_add
1280,RMS_NORM,f32,5120x1x1x1,eps=9.999999975e-07,n1279,21,337,rmsnorm
1281,MUL,f32,5120x1x1x1,,n1280;l344,21,337,rmsnorm
1282,MUL_MAT,f32,17408x1x1x1,,l345;n1281,21,338,ffn_fused
1283,MUL_MAT,f32,17408x1x1x1,,l346;n1281,21,338,ffn_fused
1284,GLU,f32,17408x1x1x1,glu=swiglu(2) swapped=0 alpha=0 limit=0,n1282;n1283,21,338,ffn_fused
1285,MUL_MAT,f32,5120x1x1x1,,l347;n1284,21,338,ffn_fused
1286,ADD,f32,5120x1x1x1,,n1285;n1279,21,339,residual_add
1287,RMS_NORM,f32,5120x1x1x1,eps=9.999999975e-07,n1286,22,340,rmsnorm
1288,MUL,f32,5120x1x1x1,,n1287;l348,22,340,rmsnorm
1289,RESHAPE,f32,30720x1x1x1,,l349,22,341,conv_state_shift
1290,VIEW,f32,0x1x1x1,offset=0,n1289,22,341,conv_state_shift
1291,SCALE,f32,0x1x1x1,scale=0 bias=0,n1290,22,341,conv_state_shift
1292,GET_ROWS,f32,30720x1x1x1,,n1289;l6,22,341,conv_state_shift
1293,GET_ROWS,f32,30720x0x1x1,,n1289;l7,22,341,conv_state_shift
1294,VIEW,f32,30720x0x1x1,offset=122880,l349,22,341,conv_state_shift
1295,CPY,f32,30720x0x1x1,,n1293;n1294,22,341,conv_state_shift
1296,RESHAPE,f32,3x10240x1x1,,n1292,22,341,conv_state_shift
1297,MUL_MAT,f32,10240x1x1x1,,l350;n1288,22,342,qkv_mmvq
1298,RESHAPE,f32,10240x1x1x1,,n1297,22,342,qkv_mmvq
1299,TRANSPOSE,f32,1x10240x1x1,,n1298,22,342,qkv_mmvq
1300,CONCAT,f32,4x10240x1x1,dim=0,n1296;n1299,22,343,conv_concat_store
1301,VIEW,f32,3x10240x1x1,offset=4,n1300,22,343,conv_concat_store
1302,VIEW,f32,30720x1x1x1,offset=0,l349,22,343,conv_concat_store
1303,CPY,f32,30720x1x1x1,,n1301;n1302,22,343,conv_concat_store
1304,RESHAPE,f32,786432x1x1x1,,l351,22,344,ssm_state_fetch
1305,VIEW,f32,0x1x1x1,offset=0,n1304,22,344,ssm_state_fetch
1306,SCALE,f32,0x1x1x1,scale=0 bias=0,n1305,22,344,ssm_state_fetch
1307,GET_ROWS,f32,786432x1x1x1,,n1304;l6,22,344,ssm_state_fetch
1308,GET_ROWS,f32,786432x0x1x1,,n1304;l7,22,344,ssm_state_fetch
1309,VIEW,f32,786432x0x1x1,offset=3145728,l351,22,344,ssm_state_fetch
1310,CPY,f32,786432x0x1x1,,n1308;n1309,22,344,ssm_state_fetch
1311,SSM_CONV,f32,10240x1x1x1,,n1300;l352,22,345,ssm_conv_silu
1312,UNARY,f32,10240x1x1x1,unary=silu(10),n1311,22,345,ssm_conv_silu
1313,VIEW,f32,128x16x1x1,offset=0,n1312,22,346,qk_l2norm
1314,L2_NORM,f32,128x16x1x1,eps=9.999999975e-07,n1313,22,346,qk_l2norm
1315,VIEW,f32,128x16x1x1,offset=8192,n1312,22,346,qk_l2norm
1316,L2_NORM,f32,128x16x1x1,eps=9.999999975e-07,n1315,22,346,qk_l2norm
1317,VIEW,f32,128x48x1x1,offset=16384,n1312,22,346,qk_l2norm
1318,MUL_MAT,f32,48x1x1x1,,l353;n1288,22,347,gdn_gates
1319,RESHAPE,f32,48x1x1x1,,n1318,22,347,gdn_gates
1320,ADD,f32,48x1x1x1,,n1319;l354,22,347,gdn_gates
1321,UNARY,f32,48x1x1x1,unary=softplus(15),n1320,22,347,gdn_gates
1322,MUL,f32,48x1x1x1,,n1321;l355,22,347,gdn_gates
1323,RESHAPE,f32,1x48x1x1,,n1322,22,347,gdn_gates
1324,MUL_MAT,f32,48x1x1x1,,l356;n1288,22,347,gdn_gates
1325,RESHAPE,f32,1x48x1x1,,n1324,22,347,gdn_gates
1326,UNARY,f32,1x48x1x1,unary=sigmoid(7),n1325,22,347,gdn_gates
1327,RESHAPE,f32,128x128x48x1,,n1307,22,344,ssm_state_fetch
1328,RESHAPE,f32,786432x1x1x1,,n1327,22,344,ssm_state_fetch
1329,GATED_DELTA_NET,f32,6144x129x1x1,,n1314;n1316;n1317;n1323;n1326;n1328,22,348,deltanet_step
1330,VIEW,f32,128x128x48x1,offset=24576,n1329,22,349,ssm_state_store
1331,VIEW,f32,786432x1x1x1,offset=0,l351,22,349,ssm_state_store
1332,CPY,f32,786432x1x1x1,,n1330;n1331,22,349,ssm_state_store
1333,VIEW,f32,128x48x1x1,offset=0,n1329,22,350,gated_out_norm
1334,RMS_NORM,f32,128x48x1x1,eps=9.999999975e-07,n1333,22,350,gated_out_norm
1335,MUL,f32,128x48x1x1,,n1334;l357,22,350,gated_out_norm
1336,MUL_MAT,f32,6144x1x1x1,,l358;n1288,22,350,gated_out_norm
1337,RESHAPE,f32,128x48x1x1,,n1336,22,350,gated_out_norm
1338,UNARY,f32,128x48x1x1,unary=silu(10),n1337,22,350,gated_out_norm
1339,MUL,f32,128x48x1x1,,n1335;n1338,22,350,gated_out_norm
1340,RESHAPE,f32,6144x1x1x1,,n1339,22,350,gated_out_norm
1341,MUL_MAT,f32,5120x1x1x1,,l359;n1340,22,351,out_proj_ar16
1342,RESHAPE,f32,5120x1x1x1,,n1341,22,351,out_proj_ar16
1343,ADD,f32,5120x1x1x1,,n1342;n1286,22,352,residual_add
1344,RMS_NORM,f32,5120x1x1x1,eps=9.999999975e-07,n1343,22,353,rmsnorm
1345,MUL,f32,5120x1x1x1,,n1344;l360,22,353,rmsnorm
1346,MUL_MAT,f32,17408x1x1x1,,l361;n1345,22,354,ffn_fused
1347,MUL_MAT,f32,17408x1x1x1,,l362;n1345,22,354,ffn_fused
1348,GLU,f32,17408x1x1x1,glu=swiglu(2) swapped=0 alpha=0 limit=0,n1346;n1347,22,354,ffn_fused
1349,MUL_MAT,f32,5120x1x1x1,,l363;n1348,22,354,ffn_fused
1350,ADD,f32,5120x1x1x1,,n1349;n1343,22,355,residual_add
1351,RMS_NORM,f32,5120x1x1x1,eps=9.999999975e-07,n1350,23,356,rmsnorm
1352,MUL,f32,5120x1x1x1,,n1351;l364,23,356,rmsnorm
1353,MUL_MAT,f32,12288x1x1x1,,l365;n1352,23,357,q_gemv_norm_rope
1354,VIEW,f32,256x24x1x1,offset=0,n1353,23,357,q_gemv_norm_rope
1355,RMS_NORM,f32,256x24x1x1,eps=9.999999975e-07,n1354,23,357,q_gemv_norm_rope
1356,MUL,f32,256x24x1x1,,n1355;l366,23,357,q_gemv_norm_rope
1357,ROPE,f32,256x24x1x1,n_dims=64 mode=IMROPE(40) n_ctx_orig=262144 freq_base=10000000 freq_scale=1 ext_factor=0 attn_factor=1 beta_fast=32 beta_slow=1 sections=[11 11 10 0],n1356;l57,23,357,q_gemv_norm_rope
1358,MUL_MAT,f32,1024x1x1x1,,l367;n1352,23,358,v_gemv
1359,RESHAPE,f32,256x4x1x1,,n1358,23,358,v_gemv
1360,MUL_MAT,f32,1024x1x1x1,,l368;n1352,23,359,k_gemv_norm_rope
1361,RESHAPE,f32,256x4x1x1,,n1360,23,359,k_gemv_norm_rope
1362,RMS_NORM,f32,256x4x1x1,eps=9.999999975e-07,n1361,23,359,k_gemv_norm_rope
1363,MUL,f32,256x4x1x1,,n1362;l369,23,359,k_gemv_norm_rope
1364,ROPE,f32,256x4x1x1,n_dims=64 mode=IMROPE(40) n_ctx_orig=262144 freq_base=10000000 freq_scale=1 ext_factor=0 attn_factor=1 beta_fast=32 beta_slow=1 sections=[11 11 10 0],n1363;l57,23,359,k_gemv_norm_rope
1365,VIEW,f32,1024x1x1x1,offset=0,n1364,23,360,kv_append
1366,SET_ROWS,f16,1024x262144x1x1,,n1365;l61;l370,23,360,kv_append
1367,VIEW,f32,1024x1x1x1,offset=0,n1359,23,360,kv_append
1368,SET_ROWS,f16,1024x262144x1x1,,n1367;l63;l371,23,360,kv_append
1369,VIEW,f32,256x24x1x1,offset=0,n1357,23,361,fattn_prep
1370,PERMUTE,f32,256x1x24x1,axes=[0 2 1 3],n1369,23,361,fattn_prep
1371,VIEW,f16,256x4x33024x1,offset=0,l370,23,361,fattn_prep
1372,PERMUTE,f16,256x33024x4x1,axes=[0 2 1 3],n1371,23,361,fattn_prep
1373,VIEW,f16,256x4x33024x1,offset=0,l371,23,361,fattn_prep
1374,PERMUTE,f16,256x33024x4x1,axes=[0 2 1 3],n1373,23,361,fattn_prep
1375,FLASH_ATTN_EXT,f32,256x24x1x1,scale=0.0625 max_bias=0 logit_softcap=0 prec=10,n1370;n1372;n1374;n219,23,362,fattn_decode
1376,RESHAPE,f32,6144x1x1x1,,n1375,23,363,attn_gate_out
1377,VIEW,f32,256x24x1x1,offset=1024,n1353,23,363,attn_gate_out
1378,CONT,f32,6144x1x1x1,,n1377,23,363,attn_gate_out
1379,UNARY,f32,6144x1x1x1,unary=sigmoid(7),n1378,23,363,attn_gate_out
1380,MUL,f32,6144x1x1x1,,n1376;n1379,23,363,attn_gate_out
1381,MUL_MAT,f32,5120x1x1x1,,l372;n1380,23,364,o_gemv
1382,ADD,f32,5120x1x1x1,,n1381;n1350,23,365,residual_add
1383,RMS_NORM,f32,5120x1x1x1,eps=9.999999975e-07,n1382,23,366,rmsnorm
1384,MUL,f32,5120x1x1x1,,n1383;l373,23,366,rmsnorm
1385,MUL_MAT,f32,17408x1x1x1,,l374;n1384,23,367,ffn_fused
1386,MUL_MAT,f32,17408x1x1x1,,l375;n1384,23,367,ffn_fused
1387,GLU,f32,17408x1x1x1,glu=swiglu(2) swapped=0 alpha=0 limit=0,n1385;n1386,23,367,ffn_fused
1388,MUL_MAT,f32,5120x1x1x1,,l376;n1387,23,367,ffn_fused
1389,ADD,f32,5120x1x1x1,,n1388;n1382,23,368,residual_add
1390,RMS_NORM,f32,5120x1x1x1,eps=9.999999975e-07,n1389,24,369,rmsnorm
1391,MUL,f32,5120x1x1x1,,n1390;l377,24,369,rmsnorm
1392,RESHAPE,f32,30720x1x1x1,,l378,24,370,conv_state_shift
1393,VIEW,f32,0x1x1x1,offset=0,n1392,24,370,conv_state_shift
1394,SCALE,f32,0x1x1x1,scale=0 bias=0,n1393,24,370,conv_state_shift
1395,GET_ROWS,f32,30720x1x1x1,,n1392;l6,24,370,conv_state_shift
1396,GET_ROWS,f32,30720x0x1x1,,n1392;l7,24,370,conv_state_shift
1397,VIEW,f32,30720x0x1x1,offset=122880,l378,24,370,conv_state_shift
1398,CPY,f32,30720x0x1x1,,n1396;n1397,24,370,conv_state_shift
1399,RESHAPE,f32,3x10240x1x1,,n1395,24,370,conv_state_shift
1400,MUL_MAT,f32,10240x1x1x1,,l379;n1391,24,371,qkv_mmvq
1401,RESHAPE,f32,10240x1x1x1,,n1400,24,371,qkv_mmvq
1402,TRANSPOSE,f32,1x10240x1x1,,n1401,24,371,qkv_mmvq
1403,CONCAT,f32,4x10240x1x1,dim=0,n1399;n1402,24,372,conv_concat_store
1404,VIEW,f32,3x10240x1x1,offset=4,n1403,24,372,conv_concat_store
1405,VIEW,f32,30720x1x1x1,offset=0,l378,24,372,conv_concat_store
1406,CPY,f32,30720x1x1x1,,n1404;n1405,24,372,conv_concat_store
1407,RESHAPE,f32,786432x1x1x1,,l380,24,373,ssm_state_fetch
1408,VIEW,f32,0x1x1x1,offset=0,n1407,24,373,ssm_state_fetch
1409,SCALE,f32,0x1x1x1,scale=0 bias=0,n1408,24,373,ssm_state_fetch
1410,GET_ROWS,f32,786432x1x1x1,,n1407;l6,24,373,ssm_state_fetch
1411,GET_ROWS,f32,786432x0x1x1,,n1407;l7,24,373,ssm_state_fetch
1412,VIEW,f32,786432x0x1x1,offset=3145728,l380,24,373,ssm_state_fetch
1413,CPY,f32,786432x0x1x1,,n1411;n1412,24,373,ssm_state_fetch
1414,SSM_CONV,f32,10240x1x1x1,,n1403;l381,24,374,ssm_conv_silu
1415,UNARY,f32,10240x1x1x1,unary=silu(10),n1414,24,374,ssm_conv_silu
1416,VIEW,f32,128x16x1x1,offset=0,n1415,24,375,qk_l2norm
1417,L2_NORM,f32,128x16x1x1,eps=9.999999975e-07,n1416,24,375,qk_l2norm
1418,VIEW,f32,128x16x1x1,offset=8192,n1415,24,375,qk_l2norm
1419,L2_NORM,f32,128x16x1x1,eps=9.999999975e-07,n1418,24,375,qk_l2norm
1420,VIEW,f32,128x48x1x1,offset=16384,n1415,24,375,qk_l2norm
1421,MUL_MAT,f32,48x1x1x1,,l382;n1391,24,376,gdn_gates
1422,RESHAPE,f32,48x1x1x1,,n1421,24,376,gdn_gates
1423,ADD,f32,48x1x1x1,,n1422;l383,24,376,gdn_gates
1424,UNARY,f32,48x1x1x1,unary=softplus(15),n1423,24,376,gdn_gates
1425,MUL,f32,48x1x1x1,,n1424;l384,24,376,gdn_gates
1426,RESHAPE,f32,1x48x1x1,,n1425,24,376,gdn_gates
1427,MUL_MAT,f32,48x1x1x1,,l385;n1391,24,376,gdn_gates
1428,RESHAPE,f32,1x48x1x1,,n1427,24,376,gdn_gates
1429,UNARY,f32,1x48x1x1,unary=sigmoid(7),n1428,24,376,gdn_gates
1430,RESHAPE,f32,128x128x48x1,,n1410,24,373,ssm_state_fetch
1431,RESHAPE,f32,786432x1x1x1,,n1430,24,373,ssm_state_fetch
1432,GATED_DELTA_NET,f32,6144x129x1x1,,n1417;n1419;n1420;n1426;n1429;n1431,24,377,deltanet_step
1433,VIEW,f32,128x128x48x1,offset=24576,n1432,24,378,ssm_state_store
1434,VIEW,f32,786432x1x1x1,offset=0,l380,24,378,ssm_state_store
1435,CPY,f32,786432x1x1x1,,n1433;n1434,24,378,ssm_state_store
1436,VIEW,f32,128x48x1x1,offset=0,n1432,24,379,gated_out_norm
1437,RMS_NORM,f32,128x48x1x1,eps=9.999999975e-07,n1436,24,379,gated_out_norm
1438,MUL,f32,128x48x1x1,,n1437;l386,24,379,gated_out_norm
1439,MUL_MAT,f32,6144x1x1x1,,l387;n1391,24,379,gated_out_norm
1440,RESHAPE,f32,128x48x1x1,,n1439,24,379,gated_out_norm
1441,UNARY,f32,128x48x1x1,unary=silu(10),n1440,24,379,gated_out_norm
1442,MUL,f32,128x48x1x1,,n1438;n1441,24,379,gated_out_norm
1443,RESHAPE,f32,6144x1x1x1,,n1442,24,379,gated_out_norm
1444,MUL_MAT,f32,5120x1x1x1,,l388;n1443,24,380,out_proj_ar16
1445,RESHAPE,f32,5120x1x1x1,,n1444,24,380,out_proj_ar16
1446,ADD,f32,5120x1x1x1,,n1445;n1389,24,381,residual_add
1447,RMS_NORM,f32,5120x1x1x1,eps=9.999999975e-07,n1446,24,382,rmsnorm
1448,MUL,f32,5120x1x1x1,,n1447;l389,24,382,rmsnorm
1449,MUL_MAT,f32,17408x1x1x1,,l390;n1448,24,383,ffn_fused
1450,MUL_MAT,f32,17408x1x1x1,,l391;n1448,24,383,ffn_fused
1451,GLU,f32,17408x1x1x1,glu=swiglu(2) swapped=0 alpha=0 limit=0,n1449;n1450,24,383,ffn_fused
1452,MUL_MAT,f32,5120x1x1x1,,l392;n1451,24,383,ffn_fused
1453,ADD,f32,5120x1x1x1,,n1452;n1446,24,384,residual_add
1454,RMS_NORM,f32,5120x1x1x1,eps=9.999999975e-07,n1453,25,385,rmsnorm
1455,MUL,f32,5120x1x1x1,,n1454;l393,25,385,rmsnorm
1456,RESHAPE,f32,30720x1x1x1,,l394,25,386,conv_state_shift
1457,VIEW,f32,0x1x1x1,offset=0,n1456,25,386,conv_state_shift
1458,SCALE,f32,0x1x1x1,scale=0 bias=0,n1457,25,386,conv_state_shift
1459,GET_ROWS,f32,30720x1x1x1,,n1456;l6,25,386,conv_state_shift
1460,GET_ROWS,f32,30720x0x1x1,,n1456;l7,25,386,conv_state_shift
1461,VIEW,f32,30720x0x1x1,offset=122880,l394,25,386,conv_state_shift
1462,CPY,f32,30720x0x1x1,,n1460;n1461,25,386,conv_state_shift
1463,RESHAPE,f32,3x10240x1x1,,n1459,25,386,conv_state_shift
1464,MUL_MAT,f32,10240x1x1x1,,l395;n1455,25,387,qkv_mmvq
1465,RESHAPE,f32,10240x1x1x1,,n1464,25,387,qkv_mmvq
1466,TRANSPOSE,f32,1x10240x1x1,,n1465,25,387,qkv_mmvq
1467,CONCAT,f32,4x10240x1x1,dim=0,n1463;n1466,25,388,conv_concat_store
1468,VIEW,f32,3x10240x1x1,offset=4,n1467,25,388,conv_concat_store
1469,VIEW,f32,30720x1x1x1,offset=0,l394,25,388,conv_concat_store
1470,CPY,f32,30720x1x1x1,,n1468;n1469,25,388,conv_concat_store
1471,RESHAPE,f32,786432x1x1x1,,l396,25,389,ssm_state_fetch
1472,VIEW,f32,0x1x1x1,offset=0,n1471,25,389,ssm_state_fetch
1473,SCALE,f32,0x1x1x1,scale=0 bias=0,n1472,25,389,ssm_state_fetch
1474,GET_ROWS,f32,786432x1x1x1,,n1471;l6,25,389,ssm_state_fetch
1475,GET_ROWS,f32,786432x0x1x1,,n1471;l7,25,389,ssm_state_fetch
1476,VIEW,f32,786432x0x1x1,offset=3145728,l396,25,389,ssm_state_fetch
1477,CPY,f32,786432x0x1x1,,n1475;n1476,25,389,ssm_state_fetch
1478,SSM_CONV,f32,10240x1x1x1,,n1467;l397,25,390,ssm_conv_silu
1479,UNARY,f32,10240x1x1x1,unary=silu(10),n1478,25,390,ssm_conv_silu
1480,VIEW,f32,128x16x1x1,offset=0,n1479,25,391,qk_l2norm
1481,L2_NORM,f32,128x16x1x1,eps=9.999999975e-07,n1480,25,391,qk_l2norm
1482,VIEW,f32,128x16x1x1,offset=8192,n1479,25,391,qk_l2norm
1483,L2_NORM,f32,128x16x1x1,eps=9.999999975e-07,n1482,25,391,qk_l2norm
1484,VIEW,f32,128x48x1x1,offset=16384,n1479,25,391,qk_l2norm
1485,MUL_MAT,f32,48x1x1x1,,l398;n1455,25,392,gdn_gates
1486,RESHAPE,f32,48x1x1x1,,n1485,25,392,gdn_gates
1487,ADD,f32,48x1x1x1,,n1486;l399,25,392,gdn_gates
1488,UNARY,f32,48x1x1x1,unary=softplus(15),n1487,25,392,gdn_gates
1489,MUL,f32,48x1x1x1,,n1488;l400,25,392,gdn_gates
1490,RESHAPE,f32,1x48x1x1,,n1489,25,392,gdn_gates
1491,MUL_MAT,f32,48x1x1x1,,l401;n1455,25,392,gdn_gates
1492,RESHAPE,f32,1x48x1x1,,n1491,25,392,gdn_gates
1493,UNARY,f32,1x48x1x1,unary=sigmoid(7),n1492,25,392,gdn_gates
1494,RESHAPE,f32,128x128x48x1,,n1474,25,389,ssm_state_fetch
1495,RESHAPE,f32,786432x1x1x1,,n1494,25,389,ssm_state_fetch
1496,GATED_DELTA_NET,f32,6144x129x1x1,,n1481;n1483;n1484;n1490;n1493;n1495,25,393,deltanet_step
1497,VIEW,f32,128x128x48x1,offset=24576,n1496,25,394,ssm_state_store
1498,VIEW,f32,786432x1x1x1,offset=0,l396,25,394,ssm_state_store
1499,CPY,f32,786432x1x1x1,,n1497;n1498,25,394,ssm_state_store
1500,VIEW,f32,128x48x1x1,offset=0,n1496,25,395,gated_out_norm
1501,RMS_NORM,f32,128x48x1x1,eps=9.999999975e-07,n1500,25,395,gated_out_norm
1502,MUL,f32,128x48x1x1,,n1501;l402,25,395,gated_out_norm
1503,MUL_MAT,f32,6144x1x1x1,,l403;n1455,25,395,gated_out_norm
1504,RESHAPE,f32,128x48x1x1,,n1503,25,395,gated_out_norm
1505,UNARY,f32,128x48x1x1,unary=silu(10),n1504,25,395,gated_out_norm
1506,MUL,f32,128x48x1x1,,n1502;n1505,25,395,gated_out_norm
1507,RESHAPE,f32,6144x1x1x1,,n1506,25,395,gated_out_norm
1508,MUL_MAT,f32,5120x1x1x1,,l404;n1507,25,396,out_proj_ar16
1509,RESHAPE,f32,5120x1x1x1,,n1508,25,396,out_proj_ar16
1510,ADD,f32,5120x1x1x1,,n1509;n1453,25,397,residual_add
1511,RMS_NORM,f32,5120x1x1x1,eps=9.999999975e-07,n1510,25,398,rmsnorm
1512,MUL,f32,5120x1x1x1,,n1511;l405,25,398,rmsnorm
1513,MUL_MAT,f32,17408x1x1x1,,l406;n1512,25,399,ffn_fused
1514,MUL_MAT,f32,17408x1x1x1,,l407;n1512,25,399,ffn_fused
1515,GLU,f32,17408x1x1x1,glu=swiglu(2) swapped=0 alpha=0 limit=0,n1513;n1514,25,399,ffn_fused
1516,MUL_MAT,f32,5120x1x1x1,,l408;n1515,25,399,ffn_fused
1517,ADD,f32,5120x1x1x1,,n1516;n1510,25,400,residual_add
1518,RMS_NORM,f32,5120x1x1x1,eps=9.999999975e-07,n1517,26,401,rmsnorm
1519,MUL,f32,5120x1x1x1,,n1518;l409,26,401,rmsnorm
1520,RESHAPE,f32,30720x1x1x1,,l410,26,402,conv_state_shift
1521,VIEW,f32,0x1x1x1,offset=0,n1520,26,402,conv_state_shift
1522,SCALE,f32,0x1x1x1,scale=0 bias=0,n1521,26,402,conv_state_shift
1523,GET_ROWS,f32,30720x1x1x1,,n1520;l6,26,402,conv_state_shift
1524,GET_ROWS,f32,30720x0x1x1,,n1520;l7,26,402,conv_state_shift
1525,VIEW,f32,30720x0x1x1,offset=122880,l410,26,402,conv_state_shift
1526,CPY,f32,30720x0x1x1,,n1524;n1525,26,402,conv_state_shift
1527,RESHAPE,f32,3x10240x1x1,,n1523,26,402,conv_state_shift
1528,MUL_MAT,f32,10240x1x1x1,,l411;n1519,26,403,qkv_mmvq
1529,RESHAPE,f32,10240x1x1x1,,n1528,26,403,qkv_mmvq
1530,TRANSPOSE,f32,1x10240x1x1,,n1529,26,403,qkv_mmvq
1531,CONCAT,f32,4x10240x1x1,dim=0,n1527;n1530,26,404,conv_concat_store
1532,VIEW,f32,3x10240x1x1,offset=4,n1531,26,404,conv_concat_store
1533,VIEW,f32,30720x1x1x1,offset=0,l410,26,404,conv_concat_store
1534,CPY,f32,30720x1x1x1,,n1532;n1533,26,404,conv_concat_store
1535,RESHAPE,f32,786432x1x1x1,,l412,26,405,ssm_state_fetch
1536,VIEW,f32,0x1x1x1,offset=0,n1535,26,405,ssm_state_fetch
1537,SCALE,f32,0x1x1x1,scale=0 bias=0,n1536,26,405,ssm_state_fetch
1538,GET_ROWS,f32,786432x1x1x1,,n1535;l6,26,405,ssm_state_fetch
1539,GET_ROWS,f32,786432x0x1x1,,n1535;l7,26,405,ssm_state_fetch
1540,VIEW,f32,786432x0x1x1,offset=3145728,l412,26,405,ssm_state_fetch
1541,CPY,f32,786432x0x1x1,,n1539;n1540,26,405,ssm_state_fetch
1542,SSM_CONV,f32,10240x1x1x1,,n1531;l413,26,406,ssm_conv_silu
1543,UNARY,f32,10240x1x1x1,unary=silu(10),n1542,26,406,ssm_conv_silu
1544,VIEW,f32,128x16x1x1,offset=0,n1543,26,407,qk_l2norm
1545,L2_NORM,f32,128x16x1x1,eps=9.999999975e-07,n1544,26,407,qk_l2norm
1546,VIEW,f32,128x16x1x1,offset=8192,n1543,26,407,qk_l2norm
1547,L2_NORM,f32,128x16x1x1,eps=9.999999975e-07,n1546,26,407,qk_l2norm
1548,VIEW,f32,128x48x1x1,offset=16384,n1543,26,407,qk_l2norm
1549,MUL_MAT,f32,48x1x1x1,,l414;n1519,26,408,gdn_gates
1550,RESHAPE,f32,48x1x1x1,,n1549,26,408,gdn_gates
1551,ADD,f32,48x1x1x1,,n1550;l415,26,408,gdn_gates
1552,UNARY,f32,48x1x1x1,unary=softplus(15),n1551,26,408,gdn_gates
1553,MUL,f32,48x1x1x1,,n1552;l416,26,408,gdn_gates
1554,RESHAPE,f32,1x48x1x1,,n1553,26,408,gdn_gates
1555,MUL_MAT,f32,48x1x1x1,,l417;n1519,26,408,gdn_gates
1556,RESHAPE,f32,1x48x1x1,,n1555,26,408,gdn_gates
1557,UNARY,f32,1x48x1x1,unary=sigmoid(7),n1556,26,408,gdn_gates
1558,RESHAPE,f32,128x128x48x1,,n1538,26,405,ssm_state_fetch
1559,RESHAPE,f32,786432x1x1x1,,n1558,26,405,ssm_state_fetch
1560,GATED_DELTA_NET,f32,6144x129x1x1,,n1545;n1547;n1548;n1554;n1557;n1559,26,409,deltanet_step
1561,VIEW,f32,128x128x48x1,offset=24576,n1560,26,410,ssm_state_store
1562,VIEW,f32,786432x1x1x1,offset=0,l412,26,410,ssm_state_store
1563,CPY,f32,786432x1x1x1,,n1561;n1562,26,410,ssm_state_store
1564,VIEW,f32,128x48x1x1,offset=0,n1560,26,411,gated_out_norm
1565,RMS_NORM,f32,128x48x1x1,eps=9.999999975e-07,n1564,26,411,gated_out_norm
1566,MUL,f32,128x48x1x1,,n1565;l418,26,411,gated_out_norm
1567,MUL_MAT,f32,6144x1x1x1,,l419;n1519,26,411,gated_out_norm
1568,RESHAPE,f32,128x48x1x1,,n1567,26,411,gated_out_norm
1569,UNARY,f32,128x48x1x1,unary=silu(10),n1568,26,411,gated_out_norm
1570,MUL,f32,128x48x1x1,,n1566;n1569,26,411,gated_out_norm
1571,RESHAPE,f32,6144x1x1x1,,n1570,26,411,gated_out_norm
1572,MUL_MAT,f32,5120x1x1x1,,l420;n1571,26,412,out_proj_ar16
1573,RESHAPE,f32,5120x1x1x1,,n1572,26,412,out_proj_ar16
1574,ADD,f32,5120x1x1x1,,n1573;n1517,26,413,residual_add
1575,RMS_NORM,f32,5120x1x1x1,eps=9.999999975e-07,n1574,26,414,rmsnorm
1576,MUL,f32,5120x1x1x1,,n1575;l421,26,414,rmsnorm
1577,MUL_MAT,f32,17408x1x1x1,,l422;n1576,26,415,ffn_fused
1578,MUL_MAT,f32,17408x1x1x1,,l423;n1576,26,415,ffn_fused
1579,GLU,f32,17408x1x1x1,glu=swiglu(2) swapped=0 alpha=0 limit=0,n1577;n1578,26,415,ffn_fused
1580,MUL_MAT,f32,5120x1x1x1,,l424;n1579,26,415,ffn_fused
1581,ADD,f32,5120x1x1x1,,n1580;n1574,26,416,residual_add
1582,RMS_NORM,f32,5120x1x1x1,eps=9.999999975e-07,n1581,27,417,rmsnorm
1583,MUL,f32,5120x1x1x1,,n1582;l425,27,417,rmsnorm
1584,MUL_MAT,f32,12288x1x1x1,,l426;n1583,27,418,q_gemv_norm_rope
1585,VIEW,f32,256x24x1x1,offset=0,n1584,27,418,q_gemv_norm_rope
1586,RMS_NORM,f32,256x24x1x1,eps=9.999999975e-07,n1585,27,418,q_gemv_norm_rope
1587,MUL,f32,256x24x1x1,,n1586;l427,27,418,q_gemv_norm_rope
1588,ROPE,f32,256x24x1x1,n_dims=64 mode=IMROPE(40) n_ctx_orig=262144 freq_base=10000000 freq_scale=1 ext_factor=0 attn_factor=1 beta_fast=32 beta_slow=1 sections=[11 11 10 0],n1587;l57,27,418,q_gemv_norm_rope
1589,MUL_MAT,f32,1024x1x1x1,,l428;n1583,27,419,v_gemv
1590,RESHAPE,f32,256x4x1x1,,n1589,27,419,v_gemv
1591,MUL_MAT,f32,1024x1x1x1,,l429;n1583,27,420,k_gemv_norm_rope
1592,RESHAPE,f32,256x4x1x1,,n1591,27,420,k_gemv_norm_rope
1593,RMS_NORM,f32,256x4x1x1,eps=9.999999975e-07,n1592,27,420,k_gemv_norm_rope
1594,MUL,f32,256x4x1x1,,n1593;l430,27,420,k_gemv_norm_rope
1595,ROPE,f32,256x4x1x1,n_dims=64 mode=IMROPE(40) n_ctx_orig=262144 freq_base=10000000 freq_scale=1 ext_factor=0 attn_factor=1 beta_fast=32 beta_slow=1 sections=[11 11 10 0],n1594;l57,27,420,k_gemv_norm_rope
1596,VIEW,f32,1024x1x1x1,offset=0,n1595,27,421,kv_append
1597,SET_ROWS,f16,1024x262144x1x1,,n1596;l61;l431,27,421,kv_append
1598,VIEW,f32,1024x1x1x1,offset=0,n1590,27,421,kv_append
1599,SET_ROWS,f16,1024x262144x1x1,,n1598;l63;l432,27,421,kv_append
1600,VIEW,f32,256x24x1x1,offset=0,n1588,27,422,fattn_prep
1601,PERMUTE,f32,256x1x24x1,axes=[0 2 1 3],n1600,27,422,fattn_prep
1602,VIEW,f16,256x4x33024x1,offset=0,l431,27,422,fattn_prep
1603,PERMUTE,f16,256x33024x4x1,axes=[0 2 1 3],n1602,27,422,fattn_prep
1604,VIEW,f16,256x4x33024x1,offset=0,l432,27,422,fattn_prep
1605,PERMUTE,f16,256x33024x4x1,axes=[0 2 1 3],n1604,27,422,fattn_prep
1606,FLASH_ATTN_EXT,f32,256x24x1x1,scale=0.0625 max_bias=0 logit_softcap=0 prec=10,n1601;n1603;n1605;n219,27,423,fattn_decode
1607,RESHAPE,f32,6144x1x1x1,,n1606,27,424,attn_gate_out
1608,VIEW,f32,256x24x1x1,offset=1024,n1584,27,424,attn_gate_out
1609,CONT,f32,6144x1x1x1,,n1608,27,424,attn_gate_out
1610,UNARY,f32,6144x1x1x1,unary=sigmoid(7),n1609,27,424,attn_gate_out
1611,MUL,f32,6144x1x1x1,,n1607;n1610,27,424,attn_gate_out
1612,MUL_MAT,f32,5120x1x1x1,,l433;n1611,27,425,o_gemv
1613,ADD,f32,5120x1x1x1,,n1612;n1581,27,426,residual_add
1614,RMS_NORM,f32,5120x1x1x1,eps=9.999999975e-07,n1613,27,427,rmsnorm
1615,MUL,f32,5120x1x1x1,,n1614;l434,27,427,rmsnorm
1616,MUL_MAT,f32,17408x1x1x1,,l435;n1615,27,428,ffn_fused
1617,MUL_MAT,f32,17408x1x1x1,,l436;n1615,27,428,ffn_fused
1618,GLU,f32,17408x1x1x1,glu=swiglu(2) swapped=0 alpha=0 limit=0,n1616;n1617,27,428,ffn_fused
1619,MUL_MAT,f32,5120x1x1x1,,l437;n1618,27,428,ffn_fused
1620,ADD,f32,5120x1x1x1,,n1619;n1613,27,429,residual_add
1621,RMS_NORM,f32,5120x1x1x1,eps=9.999999975e-07,n1620,28,430,rmsnorm
1622,MUL,f32,5120x1x1x1,,n1621;l438,28,430,rmsnorm
1623,RESHAPE,f32,30720x1x1x1,,l439,28,431,conv_state_shift
1624,VIEW,f32,0x1x1x1,offset=0,n1623,28,431,conv_state_shift
1625,SCALE,f32,0x1x1x1,scale=0 bias=0,n1624,28,431,conv_state_shift
1626,GET_ROWS,f32,30720x1x1x1,,n1623;l6,28,431,conv_state_shift
1627,GET_ROWS,f32,30720x0x1x1,,n1623;l7,28,431,conv_state_shift
1628,VIEW,f32,30720x0x1x1,offset=122880,l439,28,431,conv_state_shift
1629,CPY,f32,30720x0x1x1,,n1627;n1628,28,431,conv_state_shift
1630,RESHAPE,f32,3x10240x1x1,,n1626,28,431,conv_state_shift
1631,MUL_MAT,f32,10240x1x1x1,,l440;n1622,28,432,qkv_mmvq
1632,RESHAPE,f32,10240x1x1x1,,n1631,28,432,qkv_mmvq
1633,TRANSPOSE,f32,1x10240x1x1,,n1632,28,432,qkv_mmvq
1634,CONCAT,f32,4x10240x1x1,dim=0,n1630;n1633,28,433,conv_concat_store
1635,VIEW,f32,3x10240x1x1,offset=4,n1634,28,433,conv_concat_store
1636,VIEW,f32,30720x1x1x1,offset=0,l439,28,433,conv_concat_store
1637,CPY,f32,30720x1x1x1,,n1635;n1636,28,433,conv_concat_store
1638,RESHAPE,f32,786432x1x1x1,,l441,28,434,ssm_state_fetch
1639,VIEW,f32,0x1x1x1,offset=0,n1638,28,434,ssm_state_fetch
1640,SCALE,f32,0x1x1x1,scale=0 bias=0,n1639,28,434,ssm_state_fetch
1641,GET_ROWS,f32,786432x1x1x1,,n1638;l6,28,434,ssm_state_fetch
1642,GET_ROWS,f32,786432x0x1x1,,n1638;l7,28,434,ssm_state_fetch
1643,VIEW,f32,786432x0x1x1,offset=3145728,l441,28,434,ssm_state_fetch
1644,CPY,f32,786432x0x1x1,,n1642;n1643,28,434,ssm_state_fetch
1645,SSM_CONV,f32,10240x1x1x1,,n1634;l442,28,435,ssm_conv_silu
1646,UNARY,f32,10240x1x1x1,unary=silu(10),n1645,28,435,ssm_conv_silu
1647,VIEW,f32,128x16x1x1,offset=0,n1646,28,436,qk_l2norm
1648,L2_NORM,f32,128x16x1x1,eps=9.999999975e-07,n1647,28,436,qk_l2norm
1649,VIEW,f32,128x16x1x1,offset=8192,n1646,28,436,qk_l2norm
1650,L2_NORM,f32,128x16x1x1,eps=9.999999975e-07,n1649,28,436,qk_l2norm
1651,VIEW,f32,128x48x1x1,offset=16384,n1646,28,436,qk_l2norm
1652,MUL_MAT,f32,48x1x1x1,,l443;n1622,28,437,gdn_gates
1653,RESHAPE,f32,48x1x1x1,,n1652,28,437,gdn_gates
1654,ADD,f32,48x1x1x1,,n1653;l444,28,437,gdn_gates
1655,UNARY,f32,48x1x1x1,unary=softplus(15),n1654,28,437,gdn_gates
1656,MUL,f32,48x1x1x1,,n1655;l445,28,437,gdn_gates
1657,RESHAPE,f32,1x48x1x1,,n1656,28,437,gdn_gates
1658,MUL_MAT,f32,48x1x1x1,,l446;n1622,28,437,gdn_gates
1659,RESHAPE,f32,1x48x1x1,,n1658,28,437,gdn_gates
1660,UNARY,f32,1x48x1x1,unary=sigmoid(7),n1659,28,437,gdn_gates
1661,RESHAPE,f32,128x128x48x1,,n1641,28,434,ssm_state_fetch
1662,RESHAPE,f32,786432x1x1x1,,n1661,28,434,ssm_state_fetch
1663,GATED_DELTA_NET,f32,6144x129x1x1,,n1648;n1650;n1651;n1657;n1660;n1662,28,438,deltanet_step
1664,VIEW,f32,128x128x48x1,offset=24576,n1663,28,439,ssm_state_store
1665,VIEW,f32,786432x1x1x1,offset=0,l441,28,439,ssm_state_store
1666,CPY,f32,786432x1x1x1,,n1664;n1665,28,439,ssm_state_store
1667,VIEW,f32,128x48x1x1,offset=0,n1663,28,440,gated_out_norm
1668,RMS_NORM,f32,128x48x1x1,eps=9.999999975e-07,n1667,28,440,gated_out_norm
1669,MUL,f32,128x48x1x1,,n1668;l447,28,440,gated_out_norm
1670,MUL_MAT,f32,6144x1x1x1,,l448;n1622,28,440,gated_out_norm
1671,RESHAPE,f32,128x48x1x1,,n1670,28,440,gated_out_norm
1672,UNARY,f32,128x48x1x1,unary=silu(10),n1671,28,440,gated_out_norm
1673,MUL,f32,128x48x1x1,,n1669;n1672,28,440,gated_out_norm
1674,RESHAPE,f32,6144x1x1x1,,n1673,28,440,gated_out_norm
1675,MUL_MAT,f32,5120x1x1x1,,l449;n1674,28,441,out_proj_ar16
1676,RESHAPE,f32,5120x1x1x1,,n1675,28,441,out_proj_ar16
1677,ADD,f32,5120x1x1x1,,n1676;n1620,28,442,residual_add
1678,RMS_NORM,f32,5120x1x1x1,eps=9.999999975e-07,n1677,28,443,rmsnorm
1679,MUL,f32,5120x1x1x1,,n1678;l450,28,443,rmsnorm
1680,MUL_MAT,f32,17408x1x1x1,,l451;n1679,28,444,ffn_fused
1681,MUL_MAT,f32,17408x1x1x1,,l452;n1679,28,444,ffn_fused
1682,GLU,f32,17408x1x1x1,glu=swiglu(2) swapped=0 alpha=0 limit=0,n1680;n1681,28,444,ffn_fused
1683,MUL_MAT,f32,5120x1x1x1,,l453;n1682,28,444,ffn_fused
1684,ADD,f32,5120x1x1x1,,n1683;n1677,28,445,residual_add
1685,RMS_NORM,f32,5120x1x1x1,eps=9.999999975e-07,n1684,29,446,rmsnorm
1686,MUL,f32,5120x1x1x1,,n1685;l454,29,446,rmsnorm
1687,RESHAPE,f32,30720x1x1x1,,l455,29,447,conv_state_shift
1688,VIEW,f32,0x1x1x1,offset=0,n1687,29,447,conv_state_shift
1689,SCALE,f32,0x1x1x1,scale=0 bias=0,n1688,29,447,conv_state_shift
1690,GET_ROWS,f32,30720x1x1x1,,n1687;l6,29,447,conv_state_shift
1691,GET_ROWS,f32,30720x0x1x1,,n1687;l7,29,447,conv_state_shift
1692,VIEW,f32,30720x0x1x1,offset=122880,l455,29,447,conv_state_shift
1693,CPY,f32,30720x0x1x1,,n1691;n1692,29,447,conv_state_shift
1694,RESHAPE,f32,3x10240x1x1,,n1690,29,447,conv_state_shift
1695,MUL_MAT,f32,10240x1x1x1,,l456;n1686,29,448,qkv_mmvq
1696,RESHAPE,f32,10240x1x1x1,,n1695,29,448,qkv_mmvq
1697,TRANSPOSE,f32,1x10240x1x1,,n1696,29,448,qkv_mmvq
1698,CONCAT,f32,4x10240x1x1,dim=0,n1694;n1697,29,449,conv_concat_store
1699,VIEW,f32,3x10240x1x1,offset=4,n1698,29,449,conv_concat_store
1700,VIEW,f32,30720x1x1x1,offset=0,l455,29,449,conv_concat_store
1701,CPY,f32,30720x1x1x1,,n1699;n1700,29,449,conv_concat_store
1702,RESHAPE,f32,786432x1x1x1,,l457,29,450,ssm_state_fetch
1703,VIEW,f32,0x1x1x1,offset=0,n1702,29,450,ssm_state_fetch
1704,SCALE,f32,0x1x1x1,scale=0 bias=0,n1703,29,450,ssm_state_fetch
1705,GET_ROWS,f32,786432x1x1x1,,n1702;l6,29,450,ssm_state_fetch
1706,GET_ROWS,f32,786432x0x1x1,,n1702;l7,29,450,ssm_state_fetch
1707,VIEW,f32,786432x0x1x1,offset=3145728,l457,29,450,ssm_state_fetch
1708,CPY,f32,786432x0x1x1,,n1706;n1707,29,450,ssm_state_fetch
1709,SSM_CONV,f32,10240x1x1x1,,n1698;l458,29,451,ssm_conv_silu
1710,UNARY,f32,10240x1x1x1,unary=silu(10),n1709,29,451,ssm_conv_silu
1711,VIEW,f32,128x16x1x1,offset=0,n1710,29,452,qk_l2norm
1712,L2_NORM,f32,128x16x1x1,eps=9.999999975e-07,n1711,29,452,qk_l2norm
1713,VIEW,f32,128x16x1x1,offset=8192,n1710,29,452,qk_l2norm
1714,L2_NORM,f32,128x16x1x1,eps=9.999999975e-07,n1713,29,452,qk_l2norm
1715,VIEW,f32,128x48x1x1,offset=16384,n1710,29,452,qk_l2norm
1716,MUL_MAT,f32,48x1x1x1,,l459;n1686,29,453,gdn_gates
1717,RESHAPE,f32,48x1x1x1,,n1716,29,453,gdn_gates
1718,ADD,f32,48x1x1x1,,n1717;l460,29,453,gdn_gates
1719,UNARY,f32,48x1x1x1,unary=softplus(15),n1718,29,453,gdn_gates
1720,MUL,f32,48x1x1x1,,n1719;l461,29,453,gdn_gates
1721,RESHAPE,f32,1x48x1x1,,n1720,29,453,gdn_gates
1722,MUL_MAT,f32,48x1x1x1,,l462;n1686,29,453,gdn_gates
1723,RESHAPE,f32,1x48x1x1,,n1722,29,453,gdn_gates
1724,UNARY,f32,1x48x1x1,unary=sigmoid(7),n1723,29,453,gdn_gates
1725,RESHAPE,f32,128x128x48x1,,n1705,29,450,ssm_state_fetch
1726,RESHAPE,f32,786432x1x1x1,,n1725,29,450,ssm_state_fetch
1727,GATED_DELTA_NET,f32,6144x129x1x1,,n1712;n1714;n1715;n1721;n1724;n1726,29,454,deltanet_step
1728,VIEW,f32,128x128x48x1,offset=24576,n1727,29,455,ssm_state_store
1729,VIEW,f32,786432x1x1x1,offset=0,l457,29,455,ssm_state_store
1730,CPY,f32,786432x1x1x1,,n1728;n1729,29,455,ssm_state_store
1731,VIEW,f32,128x48x1x1,offset=0,n1727,29,456,gated_out_norm
1732,RMS_NORM,f32,128x48x1x1,eps=9.999999975e-07,n1731,29,456,gated_out_norm
1733,MUL,f32,128x48x1x1,,n1732;l463,29,456,gated_out_norm
1734,MUL_MAT,f32,6144x1x1x1,,l464;n1686,29,456,gated_out_norm
1735,RESHAPE,f32,128x48x1x1,,n1734,29,456,gated_out_norm
1736,UNARY,f32,128x48x1x1,unary=silu(10),n1735,29,456,gated_out_norm
1737,MUL,f32,128x48x1x1,,n1733;n1736,29,456,gated_out_norm
1738,RESHAPE,f32,6144x1x1x1,,n1737,29,456,gated_out_norm
1739,MUL_MAT,f32,5120x1x1x1,,l465;n1738,29,457,out_proj_ar16
1740,RESHAPE,f32,5120x1x1x1,,n1739,29,457,out_proj_ar16
1741,ADD,f32,5120x1x1x1,,n1740;n1684,29,458,residual_add
1742,RMS_NORM,f32,5120x1x1x1,eps=9.999999975e-07,n1741,29,459,rmsnorm
1743,MUL,f32,5120x1x1x1,,n1742;l466,29,459,rmsnorm
1744,MUL_MAT,f32,17408x1x1x1,,l467;n1743,29,460,ffn_fused
1745,MUL_MAT,f32,17408x1x1x1,,l468;n1743,29,460,ffn_fused
1746,GLU,f32,17408x1x1x1,glu=swiglu(2) swapped=0 alpha=0 limit=0,n1744;n1745,29,460,ffn_fused
1747,MUL_MAT,f32,5120x1x1x1,,l469;n1746,29,460,ffn_fused
1748,ADD,f32,5120x1x1x1,,n1747;n1741,29,461,residual_add
1749,RMS_NORM,f32,5120x1x1x1,eps=9.999999975e-07,n1748,30,462,rmsnorm
1750,MUL,f32,5120x1x1x1,,n1749;l470,30,462,rmsnorm
1751,RESHAPE,f32,30720x1x1x1,,l471,30,463,conv_state_shift
1752,VIEW,f32,0x1x1x1,offset=0,n1751,30,463,conv_state_shift
1753,SCALE,f32,0x1x1x1,scale=0 bias=0,n1752,30,463,conv_state_shift
1754,GET_ROWS,f32,30720x1x1x1,,n1751;l6,30,463,conv_state_shift
1755,GET_ROWS,f32,30720x0x1x1,,n1751;l7,30,463,conv_state_shift
1756,VIEW,f32,30720x0x1x1,offset=122880,l471,30,463,conv_state_shift
1757,CPY,f32,30720x0x1x1,,n1755;n1756,30,463,conv_state_shift
1758,RESHAPE,f32,3x10240x1x1,,n1754,30,463,conv_state_shift
1759,MUL_MAT,f32,10240x1x1x1,,l472;n1750,30,464,qkv_mmvq
1760,RESHAPE,f32,10240x1x1x1,,n1759,30,464,qkv_mmvq
1761,TRANSPOSE,f32,1x10240x1x1,,n1760,30,464,qkv_mmvq
1762,CONCAT,f32,4x10240x1x1,dim=0,n1758;n1761,30,465,conv_concat_store
1763,VIEW,f32,3x10240x1x1,offset=4,n1762,30,465,conv_concat_store
1764,VIEW,f32,30720x1x1x1,offset=0,l471,30,465,conv_concat_store
1765,CPY,f32,30720x1x1x1,,n1763;n1764,30,465,conv_concat_store
1766,RESHAPE,f32,786432x1x1x1,,l473,30,466,ssm_state_fetch
1767,VIEW,f32,0x1x1x1,offset=0,n1766,30,466,ssm_state_fetch
1768,SCALE,f32,0x1x1x1,scale=0 bias=0,n1767,30,466,ssm_state_fetch
1769,GET_ROWS,f32,786432x1x1x1,,n1766;l6,30,466,ssm_state_fetch
1770,GET_ROWS,f32,786432x0x1x1,,n1766;l7,30,466,ssm_state_fetch
1771,VIEW,f32,786432x0x1x1,offset=3145728,l473,30,466,ssm_state_fetch
1772,CPY,f32,786432x0x1x1,,n1770;n1771,30,466,ssm_state_fetch
1773,SSM_CONV,f32,10240x1x1x1,,n1762;l474,30,467,ssm_conv_silu
1774,UNARY,f32,10240x1x1x1,unary=silu(10),n1773,30,467,ssm_conv_silu
1775,VIEW,f32,128x16x1x1,offset=0,n1774,30,468,qk_l2norm
1776,L2_NORM,f32,128x16x1x1,eps=9.999999975e-07,n1775,30,468,qk_l2norm
1777,VIEW,f32,128x16x1x1,offset=8192,n1774,30,468,qk_l2norm
1778,L2_NORM,f32,128x16x1x1,eps=9.999999975e-07,n1777,30,468,qk_l2norm
1779,VIEW,f32,128x48x1x1,offset=16384,n1774,30,468,qk_l2norm
1780,MUL_MAT,f32,48x1x1x1,,l475;n1750,30,469,gdn_gates
1781,RESHAPE,f32,48x1x1x1,,n1780,30,469,gdn_gates
1782,ADD,f32,48x1x1x1,,n1781;l476,30,469,gdn_gates
1783,UNARY,f32,48x1x1x1,unary=softplus(15),n1782,30,469,gdn_gates
1784,MUL,f32,48x1x1x1,,n1783;l477,30,469,gdn_gates
1785,RESHAPE,f32,1x48x1x1,,n1784,30,469,gdn_gates
1786,MUL_MAT,f32,48x1x1x1,,l478;n1750,30,469,gdn_gates
1787,RESHAPE,f32,1x48x1x1,,n1786,30,469,gdn_gates
1788,UNARY,f32,1x48x1x1,unary=sigmoid(7),n1787,30,469,gdn_gates
1789,RESHAPE,f32,128x128x48x1,,n1769,30,466,ssm_state_fetch
1790,RESHAPE,f32,786432x1x1x1,,n1789,30,466,ssm_state_fetch
1791,GATED_DELTA_NET,f32,6144x129x1x1,,n1776;n1778;n1779;n1785;n1788;n1790,30,470,deltanet_step
1792,VIEW,f32,128x128x48x1,offset=24576,n1791,30,471,ssm_state_store
1793,VIEW,f32,786432x1x1x1,offset=0,l473,30,471,ssm_state_store
1794,CPY,f32,786432x1x1x1,,n1792;n1793,30,471,ssm_state_store
1795,VIEW,f32,128x48x1x1,offset=0,n1791,30,472,gated_out_norm
1796,RMS_NORM,f32,128x48x1x1,eps=9.999999975e-07,n1795,30,472,gated_out_norm
1797,MUL,f32,128x48x1x1,,n1796;l479,30,472,gated_out_norm
1798,MUL_MAT,f32,6144x1x1x1,,l480;n1750,30,472,gated_out_norm
1799,RESHAPE,f32,128x48x1x1,,n1798,30,472,gated_out_norm
1800,UNARY,f32,128x48x1x1,unary=silu(10),n1799,30,472,gated_out_norm
1801,MUL,f32,128x48x1x1,,n1797;n1800,30,472,gated_out_norm
1802,RESHAPE,f32,6144x1x1x1,,n1801,30,472,gated_out_norm
1803,MUL_MAT,f32,5120x1x1x1,,l481;n1802,30,473,out_proj_ar16
1804,RESHAPE,f32,5120x1x1x1,,n1803,30,473,out_proj_ar16
1805,ADD,f32,5120x1x1x1,,n1804;n1748,30,474,residual_add
1806,RMS_NORM,f32,5120x1x1x1,eps=9.999999975e-07,n1805,30,475,rmsnorm
1807,MUL,f32,5120x1x1x1,,n1806;l482,30,475,rmsnorm
1808,MUL_MAT,f32,17408x1x1x1,,l483;n1807,30,476,ffn_fused
1809,MUL_MAT,f32,17408x1x1x1,,l484;n1807,30,476,ffn_fused
1810,GLU,f32,17408x1x1x1,glu=swiglu(2) swapped=0 alpha=0 limit=0,n1808;n1809,30,476,ffn_fused
1811,MUL_MAT,f32,5120x1x1x1,,l485;n1810,30,476,ffn_fused
1812,ADD,f32,5120x1x1x1,,n1811;n1805,30,477,residual_add
1813,RMS_NORM,f32,5120x1x1x1,eps=9.999999975e-07,n1812,31,478,rmsnorm
1814,MUL,f32,5120x1x1x1,,n1813;l486,31,478,rmsnorm
1815,MUL_MAT,f32,12288x1x1x1,,l487;n1814,31,479,q_gemv_norm_rope
1816,VIEW,f32,256x24x1x1,offset=0,n1815,31,479,q_gemv_norm_rope
1817,RMS_NORM,f32,256x24x1x1,eps=9.999999975e-07,n1816,31,479,q_gemv_norm_rope
1818,MUL,f32,256x24x1x1,,n1817;l488,31,479,q_gemv_norm_rope
1819,ROPE,f32,256x24x1x1,n_dims=64 mode=IMROPE(40) n_ctx_orig=262144 freq_base=10000000 freq_scale=1 ext_factor=0 attn_factor=1 beta_fast=32 beta_slow=1 sections=[11 11 10 0],n1818;l57,31,479,q_gemv_norm_rope
1820,MUL_MAT,f32,1024x1x1x1,,l489;n1814,31,480,v_gemv
1821,RESHAPE,f32,256x4x1x1,,n1820,31,480,v_gemv
1822,MUL_MAT,f32,1024x1x1x1,,l490;n1814,31,481,k_gemv_norm_rope
1823,RESHAPE,f32,256x4x1x1,,n1822,31,481,k_gemv_norm_rope
1824,RMS_NORM,f32,256x4x1x1,eps=9.999999975e-07,n1823,31,481,k_gemv_norm_rope
1825,MUL,f32,256x4x1x1,,n1824;l491,31,481,k_gemv_norm_rope
1826,ROPE,f32,256x4x1x1,n_dims=64 mode=IMROPE(40) n_ctx_orig=262144 freq_base=10000000 freq_scale=1 ext_factor=0 attn_factor=1 beta_fast=32 beta_slow=1 sections=[11 11 10 0],n1825;l57,31,481,k_gemv_norm_rope
1827,VIEW,f32,1024x1x1x1,offset=0,n1826,31,482,kv_append
1828,SET_ROWS,f16,1024x262144x1x1,,n1827;l61;l492,31,482,kv_append
1829,VIEW,f32,1024x1x1x1,offset=0,n1821,31,482,kv_append
1830,SET_ROWS,f16,1024x262144x1x1,,n1829;l63;l493,31,482,kv_append
1831,VIEW,f32,256x24x1x1,offset=0,n1819,31,483,fattn_prep
1832,PERMUTE,f32,256x1x24x1,axes=[0 2 1 3],n1831,31,483,fattn_prep
1833,VIEW,f16,256x4x33024x1,offset=0,l492,31,483,fattn_prep
1834,PERMUTE,f16,256x33024x4x1,axes=[0 2 1 3],n1833,31,483,fattn_prep
1835,VIEW,f16,256x4x33024x1,offset=0,l493,31,483,fattn_prep
1836,PERMUTE,f16,256x33024x4x1,axes=[0 2 1 3],n1835,31,483,fattn_prep
1837,FLASH_ATTN_EXT,f32,256x24x1x1,scale=0.0625 max_bias=0 logit_softcap=0 prec=10,n1832;n1834;n1836;n219,31,484,fattn_decode
1838,RESHAPE,f32,6144x1x1x1,,n1837,31,485,attn_gate_out
1839,VIEW,f32,256x24x1x1,offset=1024,n1815,31,485,attn_gate_out
1840,CONT,f32,6144x1x1x1,,n1839,31,485,attn_gate_out
1841,UNARY,f32,6144x1x1x1,unary=sigmoid(7),n1840,31,485,attn_gate_out
1842,MUL,f32,6144x1x1x1,,n1838;n1841,31,485,attn_gate_out
1843,MUL_MAT,f32,5120x1x1x1,,l494;n1842,31,486,o_gemv
1844,ADD,f32,5120x1x1x1,,n1843;n1812,31,487,residual_add
1845,RMS_NORM,f32,5120x1x1x1,eps=9.999999975e-07,n1844,31,488,rmsnorm
1846,MUL,f32,5120x1x1x1,,n1845;l495,31,488,rmsnorm
1847,MUL_MAT,f32,17408x1x1x1,,l496;n1846,31,489,ffn_fused
1848,MUL_MAT,f32,17408x1x1x1,,l497;n1846,31,489,ffn_fused
1849,GLU,f32,17408x1x1x1,glu=swiglu(2) swapped=0 alpha=0 limit=0,n1847;n1848,31,489,ffn_fused
1850,MUL_MAT,f32,5120x1x1x1,,l498;n1849,31,489,ffn_fused
1851,ADD,f32,5120x1x1x1,,n1850;n1844,31,490,residual_add
1852,RMS_NORM,f32,5120x1x1x1,eps=9.999999975e-07,n1851,32,491,rmsnorm
1853,MUL,f32,5120x1x1x1,,n1852;l499,32,491,rmsnorm
1854,RESHAPE,f32,30720x1x1x1,,l500,32,492,conv_state_shift
1855,VIEW,f32,0x1x1x1,offset=0,n1854,32,492,conv_state_shift
1856,SCALE,f32,0x1x1x1,scale=0 bias=0,n1855,32,492,conv_state_shift
1857,GET_ROWS,f32,30720x1x1x1,,n1854;l6,32,492,conv_state_shift
1858,GET_ROWS,f32,30720x0x1x1,,n1854;l7,32,492,conv_state_shift
1859,VIEW,f32,30720x0x1x1,offset=122880,l500,32,492,conv_state_shift
1860,CPY,f32,30720x0x1x1,,n1858;n1859,32,492,conv_state_shift
1861,RESHAPE,f32,3x10240x1x1,,n1857,32,492,conv_state_shift
1862,MUL_MAT,f32,10240x1x1x1,,l501;n1853,32,493,qkv_mmvq
1863,RESHAPE,f32,10240x1x1x1,,n1862,32,493,qkv_mmvq
1864,TRANSPOSE,f32,1x10240x1x1,,n1863,32,493,qkv_mmvq
1865,CONCAT,f32,4x10240x1x1,dim=0,n1861;n1864,32,494,conv_concat_store
1866,VIEW,f32,3x10240x1x1,offset=4,n1865,32,494,conv_concat_store
1867,VIEW,f32,30720x1x1x1,offset=0,l500,32,494,conv_concat_store
1868,CPY,f32,30720x1x1x1,,n1866;n1867,32,494,conv_concat_store
1869,RESHAPE,f32,786432x1x1x1,,l502,32,495,ssm_state_fetch
1870,VIEW,f32,0x1x1x1,offset=0,n1869,32,495,ssm_state_fetch
1871,SCALE,f32,0x1x1x1,scale=0 bias=0,n1870,32,495,ssm_state_fetch
1872,GET_ROWS,f32,786432x1x1x1,,n1869;l6,32,495,ssm_state_fetch
1873,GET_ROWS,f32,786432x0x1x1,,n1869;l7,32,495,ssm_state_fetch
1874,VIEW,f32,786432x0x1x1,offset=3145728,l502,32,495,ssm_state_fetch
1875,CPY,f32,786432x0x1x1,,n1873;n1874,32,495,ssm_state_fetch
1876,SSM_CONV,f32,10240x1x1x1,,n1865;l503,32,496,ssm_conv_silu
1877,UNARY,f32,10240x1x1x1,unary=silu(10),n1876,32,496,ssm_conv_silu
1878,VIEW,f32,128x16x1x1,offset=0,n1877,32,497,qk_l2norm
1879,L2_NORM,f32,128x16x1x1,eps=9.999999975e-07,n1878,32,497,qk_l2norm
1880,VIEW,f32,128x16x1x1,offset=8192,n1877,32,497,qk_l2norm
1881,L2_NORM,f32,128x16x1x1,eps=9.999999975e-07,n1880,32,497,qk_l2norm
1882,VIEW,f32,128x48x1x1,offset=16384,n1877,32,497,qk_l2norm
1883,MUL_MAT,f32,48x1x1x1,,l504;n1853,32,498,gdn_gates
1884,RESHAPE,f32,48x1x1x1,,n1883,32,498,gdn_gates
1885,ADD,f32,48x1x1x1,,n1884;l505,32,498,gdn_gates
1886,UNARY,f32,48x1x1x1,unary=softplus(15),n1885,32,498,gdn_gates
1887,MUL,f32,48x1x1x1,,n1886;l506,32,498,gdn_gates
1888,RESHAPE,f32,1x48x1x1,,n1887,32,498,gdn_gates
1889,MUL_MAT,f32,48x1x1x1,,l507;n1853,32,498,gdn_gates
1890,RESHAPE,f32,1x48x1x1,,n1889,32,498,gdn_gates
1891,UNARY,f32,1x48x1x1,unary=sigmoid(7),n1890,32,498,gdn_gates
1892,RESHAPE,f32,128x128x48x1,,n1872,32,495,ssm_state_fetch
1893,RESHAPE,f32,786432x1x1x1,,n1892,32,495,ssm_state_fetch
1894,GATED_DELTA_NET,f32,6144x129x1x1,,n1879;n1881;n1882;n1888;n1891;n1893,32,499,deltanet_step
1895,VIEW,f32,128x128x48x1,offset=24576,n1894,32,500,ssm_state_store
1896,VIEW,f32,786432x1x1x1,offset=0,l502,32,500,ssm_state_store
1897,CPY,f32,786432x1x1x1,,n1895;n1896,32,500,ssm_state_store
1898,VIEW,f32,128x48x1x1,offset=0,n1894,32,501,gated_out_norm
1899,RMS_NORM,f32,128x48x1x1,eps=9.999999975e-07,n1898,32,501,gated_out_norm
1900,MUL,f32,128x48x1x1,,n1899;l508,32,501,gated_out_norm
1901,MUL_MAT,f32,6144x1x1x1,,l509;n1853,32,501,gated_out_norm
1902,RESHAPE,f32,128x48x1x1,,n1901,32,501,gated_out_norm
1903,UNARY,f32,128x48x1x1,unary=silu(10),n1902,32,501,gated_out_norm
1904,MUL,f32,128x48x1x1,,n1900;n1903,32,501,gated_out_norm
1905,RESHAPE,f32,6144x1x1x1,,n1904,32,501,gated_out_norm
1906,MUL_MAT,f32,5120x1x1x1,,l510;n1905,32,502,out_proj_ar16
1907,RESHAPE,f32,5120x1x1x1,,n1906,32,502,out_proj_ar16
1908,ADD,f32,5120x1x1x1,,n1907;n1851,32,503,residual_add
1909,RMS_NORM,f32,5120x1x1x1,eps=9.999999975e-07,n1908,32,504,rmsnorm
1910,MUL,f32,5120x1x1x1,,n1909;l511,32,504,rmsnorm
1911,MUL_MAT,f32,17408x1x1x1,,l512;n1910,32,505,ffn_fused
1912,MUL_MAT,f32,17408x1x1x1,,l513;n1910,32,505,ffn_fused
1913,GLU,f32,17408x1x1x1,glu=swiglu(2) swapped=0 alpha=0 limit=0,n1911;n1912,32,505,ffn_fused
1914,MUL_MAT,f32,5120x1x1x1,,l514;n1913,32,505,ffn_fused
1915,ADD,f32,5120x1x1x1,,n1914;n1908,32,506,residual_add
1916,RMS_NORM,f32,5120x1x1x1,eps=9.999999975e-07,n1915,33,507,rmsnorm
1917,MUL,f32,5120x1x1x1,,n1916;l515,33,507,rmsnorm
1918,RESHAPE,f32,30720x1x1x1,,l516,33,508,conv_state_shift
1919,VIEW,f32,0x1x1x1,offset=0,n1918,33,508,conv_state_shift
1920,SCALE,f32,0x1x1x1,scale=0 bias=0,n1919,33,508,conv_state_shift
1921,GET_ROWS,f32,30720x1x1x1,,n1918;l6,33,508,conv_state_shift
1922,GET_ROWS,f32,30720x0x1x1,,n1918;l7,33,508,conv_state_shift
1923,VIEW,f32,30720x0x1x1,offset=122880,l516,33,508,conv_state_shift
1924,CPY,f32,30720x0x1x1,,n1922;n1923,33,508,conv_state_shift
1925,RESHAPE,f32,3x10240x1x1,,n1921,33,508,conv_state_shift
1926,MUL_MAT,f32,10240x1x1x1,,l517;n1917,33,509,qkv_mmvq
1927,RESHAPE,f32,10240x1x1x1,,n1926,33,509,qkv_mmvq
1928,TRANSPOSE,f32,1x10240x1x1,,n1927,33,509,qkv_mmvq
1929,CONCAT,f32,4x10240x1x1,dim=0,n1925;n1928,33,510,conv_concat_store
1930,VIEW,f32,3x10240x1x1,offset=4,n1929,33,510,conv_concat_store
1931,VIEW,f32,30720x1x1x1,offset=0,l516,33,510,conv_concat_store
1932,CPY,f32,30720x1x1x1,,n1930;n1931,33,510,conv_concat_store
1933,RESHAPE,f32,786432x1x1x1,,l518,33,511,ssm_state_fetch
1934,VIEW,f32,0x1x1x1,offset=0,n1933,33,511,ssm_state_fetch
1935,SCALE,f32,0x1x1x1,scale=0 bias=0,n1934,33,511,ssm_state_fetch
1936,GET_ROWS,f32,786432x1x1x1,,n1933;l6,33,511,ssm_state_fetch
1937,GET_ROWS,f32,786432x0x1x1,,n1933;l7,33,511,ssm_state_fetch
1938,VIEW,f32,786432x0x1x1,offset=3145728,l518,33,511,ssm_state_fetch
1939,CPY,f32,786432x0x1x1,,n1937;n1938,33,511,ssm_state_fetch
1940,SSM_CONV,f32,10240x1x1x1,,n1929;l519,33,512,ssm_conv_silu
1941,UNARY,f32,10240x1x1x1,unary=silu(10),n1940,33,512,ssm_conv_silu
1942,VIEW,f32,128x16x1x1,offset=0,n1941,33,513,qk_l2norm
1943,L2_NORM,f32,128x16x1x1,eps=9.999999975e-07,n1942,33,513,qk_l2norm
1944,VIEW,f32,128x16x1x1,offset=8192,n1941,33,513,qk_l2norm
1945,L2_NORM,f32,128x16x1x1,eps=9.999999975e-07,n1944,33,513,qk_l2norm
1946,VIEW,f32,128x48x1x1,offset=16384,n1941,33,513,qk_l2norm
1947,MUL_MAT,f32,48x1x1x1,,l520;n1917,33,514,gdn_gates
1948,RESHAPE,f32,48x1x1x1,,n1947,33,514,gdn_gates
1949,ADD,f32,48x1x1x1,,n1948;l521,33,514,gdn_gates
1950,UNARY,f32,48x1x1x1,unary=softplus(15),n1949,33,514,gdn_gates
1951,MUL,f32,48x1x1x1,,n1950;l522,33,514,gdn_gates
1952,RESHAPE,f32,1x48x1x1,,n1951,33,514,gdn_gates
1953,MUL_MAT,f32,48x1x1x1,,l523;n1917,33,514,gdn_gates
1954,RESHAPE,f32,1x48x1x1,,n1953,33,514,gdn_gates
1955,UNARY,f32,1x48x1x1,unary=sigmoid(7),n1954,33,514,gdn_gates
1956,RESHAPE,f32,128x128x48x1,,n1936,33,511,ssm_state_fetch
1957,RESHAPE,f32,786432x1x1x1,,n1956,33,511,ssm_state_fetch
1958,GATED_DELTA_NET,f32,6144x129x1x1,,n1943;n1945;n1946;n1952;n1955;n1957,33,515,deltanet_step
1959,VIEW,f32,128x128x48x1,offset=24576,n1958,33,516,ssm_state_store
1960,VIEW,f32,786432x1x1x1,offset=0,l518,33,516,ssm_state_store
1961,CPY,f32,786432x1x1x1,,n1959;n1960,33,516,ssm_state_store
1962,VIEW,f32,128x48x1x1,offset=0,n1958,33,517,gated_out_norm
1963,RMS_NORM,f32,128x48x1x1,eps=9.999999975e-07,n1962,33,517,gated_out_norm
1964,MUL,f32,128x48x1x1,,n1963;l524,33,517,gated_out_norm
1965,MUL_MAT,f32,6144x1x1x1,,l525;n1917,33,517,gated_out_norm
1966,RESHAPE,f32,128x48x1x1,,n1965,33,517,gated_out_norm
1967,UNARY,f32,128x48x1x1,unary=silu(10),n1966,33,517,gated_out_norm
1968,MUL,f32,128x48x1x1,,n1964;n1967,33,517,gated_out_norm
1969,RESHAPE,f32,6144x1x1x1,,n1968,33,517,gated_out_norm
1970,MUL_MAT,f32,5120x1x1x1,,l526;n1969,33,518,out_proj_ar16
1971,RESHAPE,f32,5120x1x1x1,,n1970,33,518,out_proj_ar16
1972,ADD,f32,5120x1x1x1,,n1971;n1915,33,519,residual_add
1973,RMS_NORM,f32,5120x1x1x1,eps=9.999999975e-07,n1972,33,520,rmsnorm
1974,MUL,f32,5120x1x1x1,,n1973;l527,33,520,rmsnorm
1975,MUL_MAT,f32,17408x1x1x1,,l528;n1974,33,521,ffn_fused
1976,MUL_MAT,f32,17408x1x1x1,,l529;n1974,33,521,ffn_fused
1977,GLU,f32,17408x1x1x1,glu=swiglu(2) swapped=0 alpha=0 limit=0,n1975;n1976,33,521,ffn_fused
1978,MUL_MAT,f32,5120x1x1x1,,l530;n1977,33,521,ffn_fused
1979,ADD,f32,5120x1x1x1,,n1978;n1972,33,522,residual_add
1980,RMS_NORM,f32,5120x1x1x1,eps=9.999999975e-07,n1979,34,523,rmsnorm
1981,MUL,f32,5120x1x1x1,,n1980;l531,34,523,rmsnorm
1982,RESHAPE,f32,30720x1x1x1,,l532,34,524,conv_state_shift
1983,VIEW,f32,0x1x1x1,offset=0,n1982,34,524,conv_state_shift
1984,SCALE,f32,0x1x1x1,scale=0 bias=0,n1983,34,524,conv_state_shift
1985,GET_ROWS,f32,30720x1x1x1,,n1982;l6,34,524,conv_state_shift
1986,GET_ROWS,f32,30720x0x1x1,,n1982;l7,34,524,conv_state_shift
1987,VIEW,f32,30720x0x1x1,offset=122880,l532,34,524,conv_state_shift
1988,CPY,f32,30720x0x1x1,,n1986;n1987,34,524,conv_state_shift
1989,RESHAPE,f32,3x10240x1x1,,n1985,34,524,conv_state_shift
1990,MUL_MAT,f32,10240x1x1x1,,l533;n1981,34,525,qkv_mmvq
1991,RESHAPE,f32,10240x1x1x1,,n1990,34,525,qkv_mmvq
1992,TRANSPOSE,f32,1x10240x1x1,,n1991,34,525,qkv_mmvq
1993,CONCAT,f32,4x10240x1x1,dim=0,n1989;n1992,34,526,conv_concat_store
1994,VIEW,f32,3x10240x1x1,offset=4,n1993,34,526,conv_concat_store
1995,VIEW,f32,30720x1x1x1,offset=0,l532,34,526,conv_concat_store
1996,CPY,f32,30720x1x1x1,,n1994;n1995,34,526,conv_concat_store
1997,RESHAPE,f32,786432x1x1x1,,l534,34,527,ssm_state_fetch
1998,VIEW,f32,0x1x1x1,offset=0,n1997,34,527,ssm_state_fetch
1999,SCALE,f32,0x1x1x1,scale=0 bias=0,n1998,34,527,ssm_state_fetch
2000,GET_ROWS,f32,786432x1x1x1,,n1997;l6,34,527,ssm_state_fetch
2001,GET_ROWS,f32,786432x0x1x1,,n1997;l7,34,527,ssm_state_fetch
2002,VIEW,f32,786432x0x1x1,offset=3145728,l534,34,527,ssm_state_fetch
2003,CPY,f32,786432x0x1x1,,n2001;n2002,34,527,ssm_state_fetch
2004,SSM_CONV,f32,10240x1x1x1,,n1993;l535,34,528,ssm_conv_silu
2005,UNARY,f32,10240x1x1x1,unary=silu(10),n2004,34,528,ssm_conv_silu
2006,VIEW,f32,128x16x1x1,offset=0,n2005,34,529,qk_l2norm
2007,L2_NORM,f32,128x16x1x1,eps=9.999999975e-07,n2006,34,529,qk_l2norm
2008,VIEW,f32,128x16x1x1,offset=8192,n2005,34,529,qk_l2norm
2009,L2_NORM,f32,128x16x1x1,eps=9.999999975e-07,n2008,34,529,qk_l2norm
2010,VIEW,f32,128x48x1x1,offset=16384,n2005,34,529,qk_l2norm
2011,MUL_MAT,f32,48x1x1x1,,l536;n1981,34,530,gdn_gates
2012,RESHAPE,f32,48x1x1x1,,n2011,34,530,gdn_gates
2013,ADD,f32,48x1x1x1,,n2012;l537,34,530,gdn_gates
2014,UNARY,f32,48x1x1x1,unary=softplus(15),n2013,34,530,gdn_gates
2015,MUL,f32,48x1x1x1,,n2014;l538,34,530,gdn_gates
2016,RESHAPE,f32,1x48x1x1,,n2015,34,530,gdn_gates
2017,MUL_MAT,f32,48x1x1x1,,l539;n1981,34,530,gdn_gates
2018,RESHAPE,f32,1x48x1x1,,n2017,34,530,gdn_gates
2019,UNARY,f32,1x48x1x1,unary=sigmoid(7),n2018,34,530,gdn_gates
2020,RESHAPE,f32,128x128x48x1,,n2000,34,527,ssm_state_fetch
2021,RESHAPE,f32,786432x1x1x1,,n2020,34,527,ssm_state_fetch
2022,GATED_DELTA_NET,f32,6144x129x1x1,,n2007;n2009;n2010;n2016;n2019;n2021,34,531,deltanet_step
2023,VIEW,f32,128x128x48x1,offset=24576,n2022,34,532,ssm_state_store
2024,VIEW,f32,786432x1x1x1,offset=0,l534,34,532,ssm_state_store
2025,CPY,f32,786432x1x1x1,,n2023;n2024,34,532,ssm_state_store
2026,VIEW,f32,128x48x1x1,offset=0,n2022,34,533,gated_out_norm
2027,RMS_NORM,f32,128x48x1x1,eps=9.999999975e-07,n2026,34,533,gated_out_norm
2028,MUL,f32,128x48x1x1,,n2027;l540,34,533,gated_out_norm
2029,MUL_MAT,f32,6144x1x1x1,,l541;n1981,34,533,gated_out_norm
2030,RESHAPE,f32,128x48x1x1,,n2029,34,533,gated_out_norm
2031,UNARY,f32,128x48x1x1,unary=silu(10),n2030,34,533,gated_out_norm
2032,MUL,f32,128x48x1x1,,n2028;n2031,34,533,gated_out_norm
2033,RESHAPE,f32,6144x1x1x1,,n2032,34,533,gated_out_norm
2034,MUL_MAT,f32,5120x1x1x1,,l542;n2033,34,534,out_proj_ar16
2035,RESHAPE,f32,5120x1x1x1,,n2034,34,534,out_proj_ar16
2036,ADD,f32,5120x1x1x1,,n2035;n1979,34,535,residual_add
2037,RMS_NORM,f32,5120x1x1x1,eps=9.999999975e-07,n2036,34,536,rmsnorm
2038,MUL,f32,5120x1x1x1,,n2037;l543,34,536,rmsnorm
2039,MUL_MAT,f32,17408x1x1x1,,l544;n2038,34,537,ffn_fused
2040,MUL_MAT,f32,17408x1x1x1,,l545;n2038,34,537,ffn_fused
2041,GLU,f32,17408x1x1x1,glu=swiglu(2) swapped=0 alpha=0 limit=0,n2039;n2040,34,537,ffn_fused
2042,MUL_MAT,f32,5120x1x1x1,,l546;n2041,34,537,ffn_fused
2043,ADD,f32,5120x1x1x1,,n2042;n2036,34,538,residual_add
2044,RMS_NORM,f32,5120x1x1x1,eps=9.999999975e-07,n2043,35,539,rmsnorm
2045,MUL,f32,5120x1x1x1,,n2044;l547,35,539,rmsnorm
2046,MUL_MAT,f32,12288x1x1x1,,l548;n2045,35,540,q_gemv_norm_rope
2047,VIEW,f32,256x24x1x1,offset=0,n2046,35,540,q_gemv_norm_rope
2048,RMS_NORM,f32,256x24x1x1,eps=9.999999975e-07,n2047,35,540,q_gemv_norm_rope
2049,MUL,f32,256x24x1x1,,n2048;l549,35,540,q_gemv_norm_rope
2050,ROPE,f32,256x24x1x1,n_dims=64 mode=IMROPE(40) n_ctx_orig=262144 freq_base=10000000 freq_scale=1 ext_factor=0 attn_factor=1 beta_fast=32 beta_slow=1 sections=[11 11 10 0],n2049;l57,35,540,q_gemv_norm_rope
2051,MUL_MAT,f32,1024x1x1x1,,l550;n2045,35,541,v_gemv
2052,RESHAPE,f32,256x4x1x1,,n2051,35,541,v_gemv
2053,MUL_MAT,f32,1024x1x1x1,,l551;n2045,35,542,k_gemv_norm_rope
2054,RESHAPE,f32,256x4x1x1,,n2053,35,542,k_gemv_norm_rope
2055,RMS_NORM,f32,256x4x1x1,eps=9.999999975e-07,n2054,35,542,k_gemv_norm_rope
2056,MUL,f32,256x4x1x1,,n2055;l552,35,542,k_gemv_norm_rope
2057,ROPE,f32,256x4x1x1,n_dims=64 mode=IMROPE(40) n_ctx_orig=262144 freq_base=10000000 freq_scale=1 ext_factor=0 attn_factor=1 beta_fast=32 beta_slow=1 sections=[11 11 10 0],n2056;l57,35,542,k_gemv_norm_rope
2058,VIEW,f32,1024x1x1x1,offset=0,n2057,35,543,kv_append
2059,SET_ROWS,f16,1024x262144x1x1,,n2058;l61;l553,35,543,kv_append
2060,VIEW,f32,1024x1x1x1,offset=0,n2052,35,543,kv_append
2061,SET_ROWS,f16,1024x262144x1x1,,n2060;l63;l554,35,543,kv_append
2062,VIEW,f32,256x24x1x1,offset=0,n2050,35,544,fattn_prep
2063,PERMUTE,f32,256x1x24x1,axes=[0 2 1 3],n2062,35,544,fattn_prep
2064,VIEW,f16,256x4x33024x1,offset=0,l553,35,544,fattn_prep
2065,PERMUTE,f16,256x33024x4x1,axes=[0 2 1 3],n2064,35,544,fattn_prep
2066,VIEW,f16,256x4x33024x1,offset=0,l554,35,544,fattn_prep
2067,PERMUTE,f16,256x33024x4x1,axes=[0 2 1 3],n2066,35,544,fattn_prep
2068,FLASH_ATTN_EXT,f32,256x24x1x1,scale=0.0625 max_bias=0 logit_softcap=0 prec=10,n2063;n2065;n2067;n219,35,545,fattn_decode
2069,RESHAPE,f32,6144x1x1x1,,n2068,35,546,attn_gate_out
2070,VIEW,f32,256x24x1x1,offset=1024,n2046,35,546,attn_gate_out
2071,CONT,f32,6144x1x1x1,,n2070,35,546,attn_gate_out
2072,UNARY,f32,6144x1x1x1,unary=sigmoid(7),n2071,35,546,attn_gate_out
2073,MUL,f32,6144x1x1x1,,n2069;n2072,35,546,attn_gate_out
2074,MUL_MAT,f32,5120x1x1x1,,l555;n2073,35,547,o_gemv
2075,ADD,f32,5120x1x1x1,,n2074;n2043,35,548,residual_add
2076,RMS_NORM,f32,5120x1x1x1,eps=9.999999975e-07,n2075,35,549,rmsnorm
2077,MUL,f32,5120x1x1x1,,n2076;l556,35,549,rmsnorm
2078,MUL_MAT,f32,17408x1x1x1,,l557;n2077,35,550,ffn_fused
2079,MUL_MAT,f32,17408x1x1x1,,l558;n2077,35,550,ffn_fused
2080,GLU,f32,17408x1x1x1,glu=swiglu(2) swapped=0 alpha=0 limit=0,n2078;n2079,35,550,ffn_fused
2081,MUL_MAT,f32,5120x1x1x1,,l559;n2080,35,550,ffn_fused
2082,ADD,f32,5120x1x1x1,,n2081;n2075,35,551,residual_add
2083,RMS_NORM,f32,5120x1x1x1,eps=9.999999975e-07,n2082,36,552,rmsnorm
2084,MUL,f32,5120x1x1x1,,n2083;l560,36,552,rmsnorm
2085,RESHAPE,f32,30720x1x1x1,,l561,36,553,conv_state_shift
2086,VIEW,f32,0x1x1x1,offset=0,n2085,36,553,conv_state_shift
2087,SCALE,f32,0x1x1x1,scale=0 bias=0,n2086,36,553,conv_state_shift
2088,GET_ROWS,f32,30720x1x1x1,,n2085;l6,36,553,conv_state_shift
2089,GET_ROWS,f32,30720x0x1x1,,n2085;l7,36,553,conv_state_shift
2090,VIEW,f32,30720x0x1x1,offset=122880,l561,36,553,conv_state_shift
2091,CPY,f32,30720x0x1x1,,n2089;n2090,36,553,conv_state_shift
2092,RESHAPE,f32,3x10240x1x1,,n2088,36,553,conv_state_shift
2093,MUL_MAT,f32,10240x1x1x1,,l562;n2084,36,554,qkv_mmvq
2094,RESHAPE,f32,10240x1x1x1,,n2093,36,554,qkv_mmvq
2095,TRANSPOSE,f32,1x10240x1x1,,n2094,36,554,qkv_mmvq
2096,CONCAT,f32,4x10240x1x1,dim=0,n2092;n2095,36,555,conv_concat_store
2097,VIEW,f32,3x10240x1x1,offset=4,n2096,36,555,conv_concat_store
2098,VIEW,f32,30720x1x1x1,offset=0,l561,36,555,conv_concat_store
2099,CPY,f32,30720x1x1x1,,n2097;n2098,36,555,conv_concat_store
2100,RESHAPE,f32,786432x1x1x1,,l563,36,556,ssm_state_fetch
2101,VIEW,f32,0x1x1x1,offset=0,n2100,36,556,ssm_state_fetch
2102,SCALE,f32,0x1x1x1,scale=0 bias=0,n2101,36,556,ssm_state_fetch
2103,GET_ROWS,f32,786432x1x1x1,,n2100;l6,36,556,ssm_state_fetch
2104,GET_ROWS,f32,786432x0x1x1,,n2100;l7,36,556,ssm_state_fetch
2105,VIEW,f32,786432x0x1x1,offset=3145728,l563,36,556,ssm_state_fetch
2106,CPY,f32,786432x0x1x1,,n2104;n2105,36,556,ssm_state_fetch
2107,SSM_CONV,f32,10240x1x1x1,,n2096;l564,36,557,ssm_conv_silu
2108,UNARY,f32,10240x1x1x1,unary=silu(10),n2107,36,557,ssm_conv_silu
2109,VIEW,f32,128x16x1x1,offset=0,n2108,36,558,qk_l2norm
2110,L2_NORM,f32,128x16x1x1,eps=9.999999975e-07,n2109,36,558,qk_l2norm
2111,VIEW,f32,128x16x1x1,offset=8192,n2108,36,558,qk_l2norm
2112,L2_NORM,f32,128x16x1x1,eps=9.999999975e-07,n2111,36,558,qk_l2norm
2113,VIEW,f32,128x48x1x1,offset=16384,n2108,36,558,qk_l2norm
2114,MUL_MAT,f32,48x1x1x1,,l565;n2084,36,559,gdn_gates
2115,RESHAPE,f32,48x1x1x1,,n2114,36,559,gdn_gates
2116,ADD,f32,48x1x1x1,,n2115;l566,36,559,gdn_gates
2117,UNARY,f32,48x1x1x1,unary=softplus(15),n2116,36,559,gdn_gates
2118,MUL,f32,48x1x1x1,,n2117;l567,36,559,gdn_gates
2119,RESHAPE,f32,1x48x1x1,,n2118,36,559,gdn_gates
2120,MUL_MAT,f32,48x1x1x1,,l568;n2084,36,559,gdn_gates
2121,RESHAPE,f32,1x48x1x1,,n2120,36,559,gdn_gates
2122,UNARY,f32,1x48x1x1,unary=sigmoid(7),n2121,36,559,gdn_gates
2123,RESHAPE,f32,128x128x48x1,,n2103,36,556,ssm_state_fetch
2124,RESHAPE,f32,786432x1x1x1,,n2123,36,556,ssm_state_fetch
2125,GATED_DELTA_NET,f32,6144x129x1x1,,n2110;n2112;n2113;n2119;n2122;n2124,36,560,deltanet_step
2126,VIEW,f32,128x128x48x1,offset=24576,n2125,36,561,ssm_state_store
2127,VIEW,f32,786432x1x1x1,offset=0,l563,36,561,ssm_state_store
2128,CPY,f32,786432x1x1x1,,n2126;n2127,36,561,ssm_state_store
2129,VIEW,f32,128x48x1x1,offset=0,n2125,36,562,gated_out_norm
2130,RMS_NORM,f32,128x48x1x1,eps=9.999999975e-07,n2129,36,562,gated_out_norm
2131,MUL,f32,128x48x1x1,,n2130;l569,36,562,gated_out_norm
2132,MUL_MAT,f32,6144x1x1x1,,l570;n2084,36,562,gated_out_norm
2133,RESHAPE,f32,128x48x1x1,,n2132,36,562,gated_out_norm
2134,UNARY,f32,128x48x1x1,unary=silu(10),n2133,36,562,gated_out_norm
2135,MUL,f32,128x48x1x1,,n2131;n2134,36,562,gated_out_norm
2136,RESHAPE,f32,6144x1x1x1,,n2135,36,562,gated_out_norm
2137,MUL_MAT,f32,5120x1x1x1,,l571;n2136,36,563,out_proj_ar16
2138,RESHAPE,f32,5120x1x1x1,,n2137,36,563,out_proj_ar16
2139,ADD,f32,5120x1x1x1,,n2138;n2082,36,564,residual_add
2140,RMS_NORM,f32,5120x1x1x1,eps=9.999999975e-07,n2139,36,565,rmsnorm
2141,MUL,f32,5120x1x1x1,,n2140;l572,36,565,rmsnorm
2142,MUL_MAT,f32,17408x1x1x1,,l573;n2141,36,566,ffn_fused
2143,MUL_MAT,f32,17408x1x1x1,,l574;n2141,36,566,ffn_fused
2144,GLU,f32,17408x1x1x1,glu=swiglu(2) swapped=0 alpha=0 limit=0,n2142;n2143,36,566,ffn_fused
2145,MUL_MAT,f32,5120x1x1x1,,l575;n2144,36,566,ffn_fused
2146,ADD,f32,5120x1x1x1,,n2145;n2139,36,567,residual_add
2147,RMS_NORM,f32,5120x1x1x1,eps=9.999999975e-07,n2146,37,568,rmsnorm
2148,MUL,f32,5120x1x1x1,,n2147;l576,37,568,rmsnorm
2149,RESHAPE,f32,30720x1x1x1,,l577,37,569,conv_state_shift
2150,VIEW,f32,0x1x1x1,offset=0,n2149,37,569,conv_state_shift
2151,SCALE,f32,0x1x1x1,scale=0 bias=0,n2150,37,569,conv_state_shift
2152,GET_ROWS,f32,30720x1x1x1,,n2149;l6,37,569,conv_state_shift
2153,GET_ROWS,f32,30720x0x1x1,,n2149;l7,37,569,conv_state_shift
2154,VIEW,f32,30720x0x1x1,offset=122880,l577,37,569,conv_state_shift
2155,CPY,f32,30720x0x1x1,,n2153;n2154,37,569,conv_state_shift
2156,RESHAPE,f32,3x10240x1x1,,n2152,37,569,conv_state_shift
2157,MUL_MAT,f32,10240x1x1x1,,l578;n2148,37,570,qkv_mmvq
2158,RESHAPE,f32,10240x1x1x1,,n2157,37,570,qkv_mmvq
2159,TRANSPOSE,f32,1x10240x1x1,,n2158,37,570,qkv_mmvq
2160,CONCAT,f32,4x10240x1x1,dim=0,n2156;n2159,37,571,conv_concat_store
2161,VIEW,f32,3x10240x1x1,offset=4,n2160,37,571,conv_concat_store
2162,VIEW,f32,30720x1x1x1,offset=0,l577,37,571,conv_concat_store
2163,CPY,f32,30720x1x1x1,,n2161;n2162,37,571,conv_concat_store
2164,RESHAPE,f32,786432x1x1x1,,l579,37,572,ssm_state_fetch
2165,VIEW,f32,0x1x1x1,offset=0,n2164,37,572,ssm_state_fetch
2166,SCALE,f32,0x1x1x1,scale=0 bias=0,n2165,37,572,ssm_state_fetch
2167,GET_ROWS,f32,786432x1x1x1,,n2164;l6,37,572,ssm_state_fetch
2168,GET_ROWS,f32,786432x0x1x1,,n2164;l7,37,572,ssm_state_fetch
2169,VIEW,f32,786432x0x1x1,offset=3145728,l579,37,572,ssm_state_fetch
2170,CPY,f32,786432x0x1x1,,n2168;n2169,37,572,ssm_state_fetch
2171,SSM_CONV,f32,10240x1x1x1,,n2160;l580,37,573,ssm_conv_silu
2172,UNARY,f32,10240x1x1x1,unary=silu(10),n2171,37,573,ssm_conv_silu
2173,VIEW,f32,128x16x1x1,offset=0,n2172,37,574,qk_l2norm
2174,L2_NORM,f32,128x16x1x1,eps=9.999999975e-07,n2173,37,574,qk_l2norm
2175,VIEW,f32,128x16x1x1,offset=8192,n2172,37,574,qk_l2norm
2176,L2_NORM,f32,128x16x1x1,eps=9.999999975e-07,n2175,37,574,qk_l2norm
2177,VIEW,f32,128x48x1x1,offset=16384,n2172,37,574,qk_l2norm
2178,MUL_MAT,f32,48x1x1x1,,l581;n2148,37,575,gdn_gates
2179,RESHAPE,f32,48x1x1x1,,n2178,37,575,gdn_gates
2180,ADD,f32,48x1x1x1,,n2179;l582,37,575,gdn_gates
2181,UNARY,f32,48x1x1x1,unary=softplus(15),n2180,37,575,gdn_gates
2182,MUL,f32,48x1x1x1,,n2181;l583,37,575,gdn_gates
2183,RESHAPE,f32,1x48x1x1,,n2182,37,575,gdn_gates
2184,MUL_MAT,f32,48x1x1x1,,l584;n2148,37,575,gdn_gates
2185,RESHAPE,f32,1x48x1x1,,n2184,37,575,gdn_gates
2186,UNARY,f32,1x48x1x1,unary=sigmoid(7),n2185,37,575,gdn_gates
2187,RESHAPE,f32,128x128x48x1,,n2167,37,572,ssm_state_fetch
2188,RESHAPE,f32,786432x1x1x1,,n2187,37,572,ssm_state_fetch
2189,GATED_DELTA_NET,f32,6144x129x1x1,,n2174;n2176;n2177;n2183;n2186;n2188,37,576,deltanet_step
2190,VIEW,f32,128x128x48x1,offset=24576,n2189,37,577,ssm_state_store
2191,VIEW,f32,786432x1x1x1,offset=0,l579,37,577,ssm_state_store
2192,CPY,f32,786432x1x1x1,,n2190;n2191,37,577,ssm_state_store
2193,VIEW,f32,128x48x1x1,offset=0,n2189,37,578,gated_out_norm
2194,RMS_NORM,f32,128x48x1x1,eps=9.999999975e-07,n2193,37,578,gated_out_norm
2195,MUL,f32,128x48x1x1,,n2194;l585,37,578,gated_out_norm
2196,MUL_MAT,f32,6144x1x1x1,,l586;n2148,37,578,gated_out_norm
2197,RESHAPE,f32,128x48x1x1,,n2196,37,578,gated_out_norm
2198,UNARY,f32,128x48x1x1,unary=silu(10),n2197,37,578,gated_out_norm
2199,MUL,f32,128x48x1x1,,n2195;n2198,37,578,gated_out_norm
2200,RESHAPE,f32,6144x1x1x1,,n2199,37,578,gated_out_norm
2201,MUL_MAT,f32,5120x1x1x1,,l587;n2200,37,579,out_proj_ar16
2202,RESHAPE,f32,5120x1x1x1,,n2201,37,579,out_proj_ar16
2203,ADD,f32,5120x1x1x1,,n2202;n2146,37,580,residual_add
2204,RMS_NORM,f32,5120x1x1x1,eps=9.999999975e-07,n2203,37,581,rmsnorm
2205,MUL,f32,5120x1x1x1,,n2204;l588,37,581,rmsnorm
2206,MUL_MAT,f32,17408x1x1x1,,l589;n2205,37,582,ffn_fused
2207,MUL_MAT,f32,17408x1x1x1,,l590;n2205,37,582,ffn_fused
2208,GLU,f32,17408x1x1x1,glu=swiglu(2) swapped=0 alpha=0 limit=0,n2206;n2207,37,582,ffn_fused
2209,MUL_MAT,f32,5120x1x1x1,,l591;n2208,37,582,ffn_fused
2210,ADD,f32,5120x1x1x1,,n2209;n2203,37,583,residual_add
2211,RMS_NORM,f32,5120x1x1x1,eps=9.999999975e-07,n2210,38,584,rmsnorm
2212,MUL,f32,5120x1x1x1,,n2211;l592,38,584,rmsnorm
2213,RESHAPE,f32,30720x1x1x1,,l593,38,585,conv_state_shift
2214,VIEW,f32,0x1x1x1,offset=0,n2213,38,585,conv_state_shift
2215,SCALE,f32,0x1x1x1,scale=0 bias=0,n2214,38,585,conv_state_shift
2216,GET_ROWS,f32,30720x1x1x1,,n2213;l6,38,585,conv_state_shift
2217,GET_ROWS,f32,30720x0x1x1,,n2213;l7,38,585,conv_state_shift
2218,VIEW,f32,30720x0x1x1,offset=122880,l593,38,585,conv_state_shift
2219,CPY,f32,30720x0x1x1,,n2217;n2218,38,585,conv_state_shift
2220,RESHAPE,f32,3x10240x1x1,,n2216,38,585,conv_state_shift
2221,MUL_MAT,f32,10240x1x1x1,,l594;n2212,38,586,qkv_mmvq
2222,RESHAPE,f32,10240x1x1x1,,n2221,38,586,qkv_mmvq
2223,TRANSPOSE,f32,1x10240x1x1,,n2222,38,586,qkv_mmvq
2224,CONCAT,f32,4x10240x1x1,dim=0,n2220;n2223,38,587,conv_concat_store
2225,VIEW,f32,3x10240x1x1,offset=4,n2224,38,587,conv_concat_store
2226,VIEW,f32,30720x1x1x1,offset=0,l593,38,587,conv_concat_store
2227,CPY,f32,30720x1x1x1,,n2225;n2226,38,587,conv_concat_store
2228,RESHAPE,f32,786432x1x1x1,,l595,38,588,ssm_state_fetch
2229,VIEW,f32,0x1x1x1,offset=0,n2228,38,588,ssm_state_fetch
2230,SCALE,f32,0x1x1x1,scale=0 bias=0,n2229,38,588,ssm_state_fetch
2231,GET_ROWS,f32,786432x1x1x1,,n2228;l6,38,588,ssm_state_fetch
2232,GET_ROWS,f32,786432x0x1x1,,n2228;l7,38,588,ssm_state_fetch
2233,VIEW,f32,786432x0x1x1,offset=3145728,l595,38,588,ssm_state_fetch
2234,CPY,f32,786432x0x1x1,,n2232;n2233,38,588,ssm_state_fetch
2235,SSM_CONV,f32,10240x1x1x1,,n2224;l596,38,589,ssm_conv_silu
2236,UNARY,f32,10240x1x1x1,unary=silu(10),n2235,38,589,ssm_conv_silu
2237,VIEW,f32,128x16x1x1,offset=0,n2236,38,590,qk_l2norm
2238,L2_NORM,f32,128x16x1x1,eps=9.999999975e-07,n2237,38,590,qk_l2norm
2239,VIEW,f32,128x16x1x1,offset=8192,n2236,38,590,qk_l2norm
2240,L2_NORM,f32,128x16x1x1,eps=9.999999975e-07,n2239,38,590,qk_l2norm
2241,VIEW,f32,128x48x1x1,offset=16384,n2236,38,590,qk_l2norm
2242,MUL_MAT,f32,48x1x1x1,,l597;n2212,38,591,gdn_gates
2243,RESHAPE,f32,48x1x1x1,,n2242,38,591,gdn_gates
2244,ADD,f32,48x1x1x1,,n2243;l598,38,591,gdn_gates
2245,UNARY,f32,48x1x1x1,unary=softplus(15),n2244,38,591,gdn_gates
2246,MUL,f32,48x1x1x1,,n2245;l599,38,591,gdn_gates
2247,RESHAPE,f32,1x48x1x1,,n2246,38,591,gdn_gates
2248,MUL_MAT,f32,48x1x1x1,,l600;n2212,38,591,gdn_gates
2249,RESHAPE,f32,1x48x1x1,,n2248,38,591,gdn_gates
2250,UNARY,f32,1x48x1x1,unary=sigmoid(7),n2249,38,591,gdn_gates
2251,RESHAPE,f32,128x128x48x1,,n2231,38,588,ssm_state_fetch
2252,RESHAPE,f32,786432x1x1x1,,n2251,38,588,ssm_state_fetch
2253,GATED_DELTA_NET,f32,6144x129x1x1,,n2238;n2240;n2241;n2247;n2250;n2252,38,592,deltanet_step
2254,VIEW,f32,128x128x48x1,offset=24576,n2253,38,593,ssm_state_store
2255,VIEW,f32,786432x1x1x1,offset=0,l595,38,593,ssm_state_store
2256,CPY,f32,786432x1x1x1,,n2254;n2255,38,593,ssm_state_store
2257,VIEW,f32,128x48x1x1,offset=0,n2253,38,594,gated_out_norm
2258,RMS_NORM,f32,128x48x1x1,eps=9.999999975e-07,n2257,38,594,gated_out_norm
2259,MUL,f32,128x48x1x1,,n2258;l601,38,594,gated_out_norm
2260,MUL_MAT,f32,6144x1x1x1,,l602;n2212,38,594,gated_out_norm
2261,RESHAPE,f32,128x48x1x1,,n2260,38,594,gated_out_norm
2262,UNARY,f32,128x48x1x1,unary=silu(10),n2261,38,594,gated_out_norm
2263,MUL,f32,128x48x1x1,,n2259;n2262,38,594,gated_out_norm
2264,RESHAPE,f32,6144x1x1x1,,n2263,38,594,gated_out_norm
2265,MUL_MAT,f32,5120x1x1x1,,l603;n2264,38,595,out_proj_ar16
2266,RESHAPE,f32,5120x1x1x1,,n2265,38,595,out_proj_ar16
2267,ADD,f32,5120x1x1x1,,n2266;n2210,38,596,residual_add
2268,RMS_NORM,f32,5120x1x1x1,eps=9.999999975e-07,n2267,38,597,rmsnorm
2269,MUL,f32,5120x1x1x1,,n2268;l604,38,597,rmsnorm
2270,MUL_MAT,f32,17408x1x1x1,,l605;n2269,38,598,ffn_fused
2271,MUL_MAT,f32,17408x1x1x1,,l606;n2269,38,598,ffn_fused
2272,GLU,f32,17408x1x1x1,glu=swiglu(2) swapped=0 alpha=0 limit=0,n2270;n2271,38,598,ffn_fused
2273,MUL_MAT,f32,5120x1x1x1,,l607;n2272,38,598,ffn_fused
2274,ADD,f32,5120x1x1x1,,n2273;n2267,38,599,residual_add
2275,RMS_NORM,f32,5120x1x1x1,eps=9.999999975e-07,n2274,39,600,rmsnorm
2276,MUL,f32,5120x1x1x1,,n2275;l608,39,600,rmsnorm
2277,MUL_MAT,f32,12288x1x1x1,,l609;n2276,39,601,q_gemv_norm_rope
2278,VIEW,f32,256x24x1x1,offset=0,n2277,39,601,q_gemv_norm_rope
2279,RMS_NORM,f32,256x24x1x1,eps=9.999999975e-07,n2278,39,601,q_gemv_norm_rope
2280,MUL,f32,256x24x1x1,,n2279;l610,39,601,q_gemv_norm_rope
2281,ROPE,f32,256x24x1x1,n_dims=64 mode=IMROPE(40) n_ctx_orig=262144 freq_base=10000000 freq_scale=1 ext_factor=0 attn_factor=1 beta_fast=32 beta_slow=1 sections=[11 11 10 0],n2280;l57,39,601,q_gemv_norm_rope
2282,MUL_MAT,f32,1024x1x1x1,,l611;n2276,39,602,v_gemv
2283,RESHAPE,f32,256x4x1x1,,n2282,39,602,v_gemv
2284,MUL_MAT,f32,1024x1x1x1,,l612;n2276,39,603,k_gemv_norm_rope
2285,RESHAPE,f32,256x4x1x1,,n2284,39,603,k_gemv_norm_rope
2286,RMS_NORM,f32,256x4x1x1,eps=9.999999975e-07,n2285,39,603,k_gemv_norm_rope
2287,MUL,f32,256x4x1x1,,n2286;l613,39,603,k_gemv_norm_rope
2288,ROPE,f32,256x4x1x1,n_dims=64 mode=IMROPE(40) n_ctx_orig=262144 freq_base=10000000 freq_scale=1 ext_factor=0 attn_factor=1 beta_fast=32 beta_slow=1 sections=[11 11 10 0],n2287;l57,39,603,k_gemv_norm_rope
2289,VIEW,f32,1024x1x1x1,offset=0,n2288,39,604,kv_append
2290,SET_ROWS,f16,1024x262144x1x1,,n2289;l61;l614,39,604,kv_append
2291,VIEW,f32,1024x1x1x1,offset=0,n2283,39,604,kv_append
2292,SET_ROWS,f16,1024x262144x1x1,,n2291;l63;l615,39,604,kv_append
2293,VIEW,f32,256x24x1x1,offset=0,n2281,39,605,fattn_prep
2294,PERMUTE,f32,256x1x24x1,axes=[0 2 1 3],n2293,39,605,fattn_prep
2295,VIEW,f16,256x4x33024x1,offset=0,l614,39,605,fattn_prep
2296,PERMUTE,f16,256x33024x4x1,axes=[0 2 1 3],n2295,39,605,fattn_prep
2297,VIEW,f16,256x4x33024x1,offset=0,l615,39,605,fattn_prep
2298,PERMUTE,f16,256x33024x4x1,axes=[0 2 1 3],n2297,39,605,fattn_prep
2299,FLASH_ATTN_EXT,f32,256x24x1x1,scale=0.0625 max_bias=0 logit_softcap=0 prec=10,n2294;n2296;n2298;n219,39,606,fattn_decode
2300,RESHAPE,f32,6144x1x1x1,,n2299,39,607,attn_gate_out
2301,VIEW,f32,256x24x1x1,offset=1024,n2277,39,607,attn_gate_out
2302,CONT,f32,6144x1x1x1,,n2301,39,607,attn_gate_out
2303,UNARY,f32,6144x1x1x1,unary=sigmoid(7),n2302,39,607,attn_gate_out
2304,MUL,f32,6144x1x1x1,,n2300;n2303,39,607,attn_gate_out
2305,MUL_MAT,f32,5120x1x1x1,,l616;n2304,39,608,o_gemv
2306,ADD,f32,5120x1x1x1,,n2305;n2274,39,609,residual_add
2307,RMS_NORM,f32,5120x1x1x1,eps=9.999999975e-07,n2306,39,610,rmsnorm
2308,MUL,f32,5120x1x1x1,,n2307;l617,39,610,rmsnorm
2309,MUL_MAT,f32,17408x1x1x1,,l618;n2308,39,611,ffn_fused
2310,MUL_MAT,f32,17408x1x1x1,,l619;n2308,39,611,ffn_fused
2311,GLU,f32,17408x1x1x1,glu=swiglu(2) swapped=0 alpha=0 limit=0,n2309;n2310,39,611,ffn_fused
2312,MUL_MAT,f32,5120x1x1x1,,l620;n2311,39,611,ffn_fused
2313,ADD,f32,5120x1x1x1,,n2312;n2306,39,612,residual_add
2314,RMS_NORM,f32,5120x1x1x1,eps=9.999999975e-07,n2313,40,613,rmsnorm
2315,MUL,f32,5120x1x1x1,,n2314;l621,40,613,rmsnorm
2316,RESHAPE,f32,30720x1x1x1,,l622,40,614,conv_state_shift
2317,VIEW,f32,0x1x1x1,offset=0,n2316,40,614,conv_state_shift
2318,SCALE,f32,0x1x1x1,scale=0 bias=0,n2317,40,614,conv_state_shift
2319,GET_ROWS,f32,30720x1x1x1,,n2316;l6,40,614,conv_state_shift
2320,GET_ROWS,f32,30720x0x1x1,,n2316;l7,40,614,conv_state_shift
2321,VIEW,f32,30720x0x1x1,offset=122880,l622,40,614,conv_state_shift
2322,CPY,f32,30720x0x1x1,,n2320;n2321,40,614,conv_state_shift
2323,RESHAPE,f32,3x10240x1x1,,n2319,40,614,conv_state_shift
2324,MUL_MAT,f32,10240x1x1x1,,l623;n2315,40,615,qkv_mmvq
2325,RESHAPE,f32,10240x1x1x1,,n2324,40,615,qkv_mmvq
2326,TRANSPOSE,f32,1x10240x1x1,,n2325,40,615,qkv_mmvq
2327,CONCAT,f32,4x10240x1x1,dim=0,n2323;n2326,40,616,conv_concat_store
2328,VIEW,f32,3x10240x1x1,offset=4,n2327,40,616,conv_concat_store
2329,VIEW,f32,30720x1x1x1,offset=0,l622,40,616,conv_concat_store
2330,CPY,f32,30720x1x1x1,,n2328;n2329,40,616,conv_concat_store
2331,RESHAPE,f32,786432x1x1x1,,l624,40,617,ssm_state_fetch
2332,VIEW,f32,0x1x1x1,offset=0,n2331,40,617,ssm_state_fetch
2333,SCALE,f32,0x1x1x1,scale=0 bias=0,n2332,40,617,ssm_state_fetch
2334,GET_ROWS,f32,786432x1x1x1,,n2331;l6,40,617,ssm_state_fetch
2335,GET_ROWS,f32,786432x0x1x1,,n2331;l7,40,617,ssm_state_fetch
2336,VIEW,f32,786432x0x1x1,offset=3145728,l624,40,617,ssm_state_fetch
2337,CPY,f32,786432x0x1x1,,n2335;n2336,40,617,ssm_state_fetch
2338,SSM_CONV,f32,10240x1x1x1,,n2327;l625,40,618,ssm_conv_silu
2339,UNARY,f32,10240x1x1x1,unary=silu(10),n2338,40,618,ssm_conv_silu
2340,VIEW,f32,128x16x1x1,offset=0,n2339,40,619,qk_l2norm
2341,L2_NORM,f32,128x16x1x1,eps=9.999999975e-07,n2340,40,619,qk_l2norm
2342,VIEW,f32,128x16x1x1,offset=8192,n2339,40,619,qk_l2norm
2343,L2_NORM,f32,128x16x1x1,eps=9.999999975e-07,n2342,40,619,qk_l2norm
2344,VIEW,f32,128x48x1x1,offset=16384,n2339,40,619,qk_l2norm
2345,MUL_MAT,f32,48x1x1x1,,l626;n2315,40,620,gdn_gates
2346,RESHAPE,f32,48x1x1x1,,n2345,40,620,gdn_gates
2347,ADD,f32,48x1x1x1,,n2346;l627,40,620,gdn_gates
2348,UNARY,f32,48x1x1x1,unary=softplus(15),n2347,40,620,gdn_gates
2349,MUL,f32,48x1x1x1,,n2348;l628,40,620,gdn_gates
2350,RESHAPE,f32,1x48x1x1,,n2349,40,620,gdn_gates
2351,MUL_MAT,f32,48x1x1x1,,l629;n2315,40,620,gdn_gates
2352,RESHAPE,f32,1x48x1x1,,n2351,40,620,gdn_gates
2353,UNARY,f32,1x48x1x1,unary=sigmoid(7),n2352,40,620,gdn_gates
2354,RESHAPE,f32,128x128x48x1,,n2334,40,617,ssm_state_fetch
2355,RESHAPE,f32,786432x1x1x1,,n2354,40,617,ssm_state_fetch
2356,GATED_DELTA_NET,f32,6144x129x1x1,,n2341;n2343;n2344;n2350;n2353;n2355,40,621,deltanet_step
2357,VIEW,f32,128x128x48x1,offset=24576,n2356,40,622,ssm_state_store
2358,VIEW,f32,786432x1x1x1,offset=0,l624,40,622,ssm_state_store
2359,CPY,f32,786432x1x1x1,,n2357;n2358,40,622,ssm_state_store
2360,VIEW,f32,128x48x1x1,offset=0,n2356,40,623,gated_out_norm
2361,RMS_NORM,f32,128x48x1x1,eps=9.999999975e-07,n2360,40,623,gated_out_norm
2362,MUL,f32,128x48x1x1,,n2361;l630,40,623,gated_out_norm
2363,MUL_MAT,f32,6144x1x1x1,,l631;n2315,40,623,gated_out_norm
2364,RESHAPE,f32,128x48x1x1,,n2363,40,623,gated_out_norm
2365,UNARY,f32,128x48x1x1,unary=silu(10),n2364,40,623,gated_out_norm
2366,MUL,f32,128x48x1x1,,n2362;n2365,40,623,gated_out_norm
2367,RESHAPE,f32,6144x1x1x1,,n2366,40,623,gated_out_norm
2368,MUL_MAT,f32,5120x1x1x1,,l632;n2367,40,624,out_proj_ar16
2369,RESHAPE,f32,5120x1x1x1,,n2368,40,624,out_proj_ar16
2370,ADD,f32,5120x1x1x1,,n2369;n2313,40,625,residual_add
2371,RMS_NORM,f32,5120x1x1x1,eps=9.999999975e-07,n2370,40,626,rmsnorm
2372,MUL,f32,5120x1x1x1,,n2371;l633,40,626,rmsnorm
2373,MUL_MAT,f32,17408x1x1x1,,l634;n2372,40,627,ffn_fused
2374,MUL_MAT,f32,17408x1x1x1,,l635;n2372,40,627,ffn_fused
2375,GLU,f32,17408x1x1x1,glu=swiglu(2) swapped=0 alpha=0 limit=0,n2373;n2374,40,627,ffn_fused
2376,MUL_MAT,f32,5120x1x1x1,,l636;n2375,40,627,ffn_fused
2377,ADD,f32,5120x1x1x1,,n2376;n2370,40,628,residual_add
2378,RMS_NORM,f32,5120x1x1x1,eps=9.999999975e-07,n2377,41,629,rmsnorm
2379,MUL,f32,5120x1x1x1,,n2378;l637,41,629,rmsnorm
2380,RESHAPE,f32,30720x1x1x1,,l638,41,630,conv_state_shift
2381,VIEW,f32,0x1x1x1,offset=0,n2380,41,630,conv_state_shift
2382,SCALE,f32,0x1x1x1,scale=0 bias=0,n2381,41,630,conv_state_shift
2383,GET_ROWS,f32,30720x1x1x1,,n2380;l6,41,630,conv_state_shift
2384,GET_ROWS,f32,30720x0x1x1,,n2380;l7,41,630,conv_state_shift
2385,VIEW,f32,30720x0x1x1,offset=122880,l638,41,630,conv_state_shift
2386,CPY,f32,30720x0x1x1,,n2384;n2385,41,630,conv_state_shift
2387,RESHAPE,f32,3x10240x1x1,,n2383,41,630,conv_state_shift
2388,MUL_MAT,f32,10240x1x1x1,,l639;n2379,41,631,qkv_mmvq
2389,RESHAPE,f32,10240x1x1x1,,n2388,41,631,qkv_mmvq
2390,TRANSPOSE,f32,1x10240x1x1,,n2389,41,631,qkv_mmvq
2391,CONCAT,f32,4x10240x1x1,dim=0,n2387;n2390,41,632,conv_concat_store
2392,VIEW,f32,3x10240x1x1,offset=4,n2391,41,632,conv_concat_store
2393,VIEW,f32,30720x1x1x1,offset=0,l638,41,632,conv_concat_store
2394,CPY,f32,30720x1x1x1,,n2392;n2393,41,632,conv_concat_store
2395,RESHAPE,f32,786432x1x1x1,,l640,41,633,ssm_state_fetch
2396,VIEW,f32,0x1x1x1,offset=0,n2395,41,633,ssm_state_fetch
2397,SCALE,f32,0x1x1x1,scale=0 bias=0,n2396,41,633,ssm_state_fetch
2398,GET_ROWS,f32,786432x1x1x1,,n2395;l6,41,633,ssm_state_fetch
2399,GET_ROWS,f32,786432x0x1x1,,n2395;l7,41,633,ssm_state_fetch
2400,VIEW,f32,786432x0x1x1,offset=3145728,l640,41,633,ssm_state_fetch
2401,CPY,f32,786432x0x1x1,,n2399;n2400,41,633,ssm_state_fetch
2402,SSM_CONV,f32,10240x1x1x1,,n2391;l641,41,634,ssm_conv_silu
2403,UNARY,f32,10240x1x1x1,unary=silu(10),n2402,41,634,ssm_conv_silu
2404,VIEW,f32,128x16x1x1,offset=0,n2403,41,635,qk_l2norm
2405,L2_NORM,f32,128x16x1x1,eps=9.999999975e-07,n2404,41,635,qk_l2norm
2406,VIEW,f32,128x16x1x1,offset=8192,n2403,41,635,qk_l2norm
2407,L2_NORM,f32,128x16x1x1,eps=9.999999975e-07,n2406,41,635,qk_l2norm
2408,VIEW,f32,128x48x1x1,offset=16384,n2403,41,635,qk_l2norm
2409,MUL_MAT,f32,48x1x1x1,,l642;n2379,41,636,gdn_gates
2410,RESHAPE,f32,48x1x1x1,,n2409,41,636,gdn_gates
2411,ADD,f32,48x1x1x1,,n2410;l643,41,636,gdn_gates
2412,UNARY,f32,48x1x1x1,unary=softplus(15),n2411,41,636,gdn_gates
2413,MUL,f32,48x1x1x1,,n2412;l644,41,636,gdn_gates
2414,RESHAPE,f32,1x48x1x1,,n2413,41,636,gdn_gates
2415,MUL_MAT,f32,48x1x1x1,,l645;n2379,41,636,gdn_gates
2416,RESHAPE,f32,1x48x1x1,,n2415,41,636,gdn_gates
2417,UNARY,f32,1x48x1x1,unary=sigmoid(7),n2416,41,636,gdn_gates
2418,RESHAPE,f32,128x128x48x1,,n2398,41,633,ssm_state_fetch
2419,RESHAPE,f32,786432x1x1x1,,n2418,41,633,ssm_state_fetch
2420,GATED_DELTA_NET,f32,6144x129x1x1,,n2405;n2407;n2408;n2414;n2417;n2419,41,637,deltanet_step
2421,VIEW,f32,128x128x48x1,offset=24576,n2420,41,638,ssm_state_store
2422,VIEW,f32,786432x1x1x1,offset=0,l640,41,638,ssm_state_store
2423,CPY,f32,786432x1x1x1,,n2421;n2422,41,638,ssm_state_store
2424,VIEW,f32,128x48x1x1,offset=0,n2420,41,639,gated_out_norm
2425,RMS_NORM,f32,128x48x1x1,eps=9.999999975e-07,n2424,41,639,gated_out_norm
2426,MUL,f32,128x48x1x1,,n2425;l646,41,639,gated_out_norm
2427,MUL_MAT,f32,6144x1x1x1,,l647;n2379,41,639,gated_out_norm
2428,RESHAPE,f32,128x48x1x1,,n2427,41,639,gated_out_norm
2429,UNARY,f32,128x48x1x1,unary=silu(10),n2428,41,639,gated_out_norm
2430,MUL,f32,128x48x1x1,,n2426;n2429,41,639,gated_out_norm
2431,RESHAPE,f32,6144x1x1x1,,n2430,41,639,gated_out_norm
2432,MUL_MAT,f32,5120x1x1x1,,l648;n2431,41,640,out_proj_ar16
2433,RESHAPE,f32,5120x1x1x1,,n2432,41,640,out_proj_ar16
2434,ADD,f32,5120x1x1x1,,n2433;n2377,41,641,residual_add
2435,RMS_NORM,f32,5120x1x1x1,eps=9.999999975e-07,n2434,41,642,rmsnorm
2436,MUL,f32,5120x1x1x1,,n2435;l649,41,642,rmsnorm
2437,MUL_MAT,f32,17408x1x1x1,,l650;n2436,41,643,ffn_fused
2438,MUL_MAT,f32,17408x1x1x1,,l651;n2436,41,643,ffn_fused
2439,GLU,f32,17408x1x1x1,glu=swiglu(2) swapped=0 alpha=0 limit=0,n2437;n2438,41,643,ffn_fused
2440,MUL_MAT,f32,5120x1x1x1,,l652;n2439,41,643,ffn_fused
2441,ADD,f32,5120x1x1x1,,n2440;n2434,41,644,residual_add
2442,RMS_NORM,f32,5120x1x1x1,eps=9.999999975e-07,n2441,42,645,rmsnorm
2443,MUL,f32,5120x1x1x1,,n2442;l653,42,645,rmsnorm
2444,RESHAPE,f32,30720x1x1x1,,l654,42,646,conv_state_shift
2445,VIEW,f32,0x1x1x1,offset=0,n2444,42,646,conv_state_shift
2446,SCALE,f32,0x1x1x1,scale=0 bias=0,n2445,42,646,conv_state_shift
2447,GET_ROWS,f32,30720x1x1x1,,n2444;l6,42,646,conv_state_shift
2448,GET_ROWS,f32,30720x0x1x1,,n2444;l7,42,646,conv_state_shift
2449,VIEW,f32,30720x0x1x1,offset=122880,l654,42,646,conv_state_shift
2450,CPY,f32,30720x0x1x1,,n2448;n2449,42,646,conv_state_shift
2451,RESHAPE,f32,3x10240x1x1,,n2447,42,646,conv_state_shift
2452,MUL_MAT,f32,10240x1x1x1,,l655;n2443,42,647,qkv_mmvq
2453,RESHAPE,f32,10240x1x1x1,,n2452,42,647,qkv_mmvq
2454,TRANSPOSE,f32,1x10240x1x1,,n2453,42,647,qkv_mmvq
2455,CONCAT,f32,4x10240x1x1,dim=0,n2451;n2454,42,648,conv_concat_store
2456,VIEW,f32,3x10240x1x1,offset=4,n2455,42,648,conv_concat_store
2457,VIEW,f32,30720x1x1x1,offset=0,l654,42,648,conv_concat_store
2458,CPY,f32,30720x1x1x1,,n2456;n2457,42,648,conv_concat_store
2459,RESHAPE,f32,786432x1x1x1,,l656,42,649,ssm_state_fetch
2460,VIEW,f32,0x1x1x1,offset=0,n2459,42,649,ssm_state_fetch
2461,SCALE,f32,0x1x1x1,scale=0 bias=0,n2460,42,649,ssm_state_fetch
2462,GET_ROWS,f32,786432x1x1x1,,n2459;l6,42,649,ssm_state_fetch
2463,GET_ROWS,f32,786432x0x1x1,,n2459;l7,42,649,ssm_state_fetch
2464,VIEW,f32,786432x0x1x1,offset=3145728,l656,42,649,ssm_state_fetch
2465,CPY,f32,786432x0x1x1,,n2463;n2464,42,649,ssm_state_fetch
2466,SSM_CONV,f32,10240x1x1x1,,n2455;l657,42,650,ssm_conv_silu
2467,UNARY,f32,10240x1x1x1,unary=silu(10),n2466,42,650,ssm_conv_silu
2468,VIEW,f32,128x16x1x1,offset=0,n2467,42,651,qk_l2norm
2469,L2_NORM,f32,128x16x1x1,eps=9.999999975e-07,n2468,42,651,qk_l2norm
2470,VIEW,f32,128x16x1x1,offset=8192,n2467,42,651,qk_l2norm
2471,L2_NORM,f32,128x16x1x1,eps=9.999999975e-07,n2470,42,651,qk_l2norm
2472,VIEW,f32,128x48x1x1,offset=16384,n2467,42,651,qk_l2norm
2473,MUL_MAT,f32,48x1x1x1,,l658;n2443,42,652,gdn_gates
2474,RESHAPE,f32,48x1x1x1,,n2473,42,652,gdn_gates
2475,ADD,f32,48x1x1x1,,n2474;l659,42,652,gdn_gates
2476,UNARY,f32,48x1x1x1,unary=softplus(15),n2475,42,652,gdn_gates
2477,MUL,f32,48x1x1x1,,n2476;l660,42,652,gdn_gates
2478,RESHAPE,f32,1x48x1x1,,n2477,42,652,gdn_gates
2479,MUL_MAT,f32,48x1x1x1,,l661;n2443,42,652,gdn_gates
2480,RESHAPE,f32,1x48x1x1,,n2479,42,652,gdn_gates
2481,UNARY,f32,1x48x1x1,unary=sigmoid(7),n2480,42,652,gdn_gates
2482,RESHAPE,f32,128x128x48x1,,n2462,42,649,ssm_state_fetch
2483,RESHAPE,f32,786432x1x1x1,,n2482,42,649,ssm_state_fetch
2484,GATED_DELTA_NET,f32,6144x129x1x1,,n2469;n2471;n2472;n2478;n2481;n2483,42,653,deltanet_step
2485,VIEW,f32,128x128x48x1,offset=24576,n2484,42,654,ssm_state_store
2486,VIEW,f32,786432x1x1x1,offset=0,l656,42,654,ssm_state_store
2487,CPY,f32,786432x1x1x1,,n2485;n2486,42,654,ssm_state_store
2488,VIEW,f32,128x48x1x1,offset=0,n2484,42,655,gated_out_norm
2489,RMS_NORM,f32,128x48x1x1,eps=9.999999975e-07,n2488,42,655,gated_out_norm
2490,MUL,f32,128x48x1x1,,n2489;l662,42,655,gated_out_norm
2491,MUL_MAT,f32,6144x1x1x1,,l663;n2443,42,655,gated_out_norm
2492,RESHAPE,f32,128x48x1x1,,n2491,42,655,gated_out_norm
2493,UNARY,f32,128x48x1x1,unary=silu(10),n2492,42,655,gated_out_norm
2494,MUL,f32,128x48x1x1,,n2490;n2493,42,655,gated_out_norm
2495,RESHAPE,f32,6144x1x1x1,,n2494,42,655,gated_out_norm
2496,MUL_MAT,f32,5120x1x1x1,,l664;n2495,42,656,out_proj_ar16
2497,RESHAPE,f32,5120x1x1x1,,n2496,42,656,out_proj_ar16
2498,ADD,f32,5120x1x1x1,,n2497;n2441,42,657,residual_add
2499,RMS_NORM,f32,5120x1x1x1,eps=9.999999975e-07,n2498,42,658,rmsnorm
2500,MUL,f32,5120x1x1x1,,n2499;l665,42,658,rmsnorm
2501,MUL_MAT,f32,17408x1x1x1,,l666;n2500,42,659,ffn_fused
2502,MUL_MAT,f32,17408x1x1x1,,l667;n2500,42,659,ffn_fused
2503,GLU,f32,17408x1x1x1,glu=swiglu(2) swapped=0 alpha=0 limit=0,n2501;n2502,42,659,ffn_fused
2504,MUL_MAT,f32,5120x1x1x1,,l668;n2503,42,659,ffn_fused
2505,ADD,f32,5120x1x1x1,,n2504;n2498,42,660,residual_add
2506,RMS_NORM,f32,5120x1x1x1,eps=9.999999975e-07,n2505,43,661,rmsnorm
2507,MUL,f32,5120x1x1x1,,n2506;l669,43,661,rmsnorm
2508,MUL_MAT,f32,12288x1x1x1,,l670;n2507,43,662,q_gemv_norm_rope
2509,VIEW,f32,256x24x1x1,offset=0,n2508,43,662,q_gemv_norm_rope
2510,RMS_NORM,f32,256x24x1x1,eps=9.999999975e-07,n2509,43,662,q_gemv_norm_rope
2511,MUL,f32,256x24x1x1,,n2510;l671,43,662,q_gemv_norm_rope
2512,ROPE,f32,256x24x1x1,n_dims=64 mode=IMROPE(40) n_ctx_orig=262144 freq_base=10000000 freq_scale=1 ext_factor=0 attn_factor=1 beta_fast=32 beta_slow=1 sections=[11 11 10 0],n2511;l57,43,662,q_gemv_norm_rope
2513,MUL_MAT,f32,1024x1x1x1,,l672;n2507,43,663,v_gemv
2514,RESHAPE,f32,256x4x1x1,,n2513,43,663,v_gemv
2515,MUL_MAT,f32,1024x1x1x1,,l673;n2507,43,664,k_gemv_norm_rope
2516,RESHAPE,f32,256x4x1x1,,n2515,43,664,k_gemv_norm_rope
2517,RMS_NORM,f32,256x4x1x1,eps=9.999999975e-07,n2516,43,664,k_gemv_norm_rope
2518,MUL,f32,256x4x1x1,,n2517;l674,43,664,k_gemv_norm_rope
2519,ROPE,f32,256x4x1x1,n_dims=64 mode=IMROPE(40) n_ctx_orig=262144 freq_base=10000000 freq_scale=1 ext_factor=0 attn_factor=1 beta_fast=32 beta_slow=1 sections=[11 11 10 0],n2518;l57,43,664,k_gemv_norm_rope
2520,VIEW,f32,1024x1x1x1,offset=0,n2519,43,665,kv_append
2521,SET_ROWS,f16,1024x262144x1x1,,n2520;l61;l675,43,665,kv_append
2522,VIEW,f32,1024x1x1x1,offset=0,n2514,43,665,kv_append
2523,SET_ROWS,f16,1024x262144x1x1,,n2522;l63;l676,43,665,kv_append
2524,VIEW,f32,256x24x1x1,offset=0,n2512,43,666,fattn_prep
2525,PERMUTE,f32,256x1x24x1,axes=[0 2 1 3],n2524,43,666,fattn_prep
2526,VIEW,f16,256x4x33024x1,offset=0,l675,43,666,fattn_prep
2527,PERMUTE,f16,256x33024x4x1,axes=[0 2 1 3],n2526,43,666,fattn_prep
2528,VIEW,f16,256x4x33024x1,offset=0,l676,43,666,fattn_prep
2529,PERMUTE,f16,256x33024x4x1,axes=[0 2 1 3],n2528,43,666,fattn_prep
2530,FLASH_ATTN_EXT,f32,256x24x1x1,scale=0.0625 max_bias=0 logit_softcap=0 prec=10,n2525;n2527;n2529;n219,43,667,fattn_decode
2531,RESHAPE,f32,6144x1x1x1,,n2530,43,668,attn_gate_out
2532,VIEW,f32,256x24x1x1,offset=1024,n2508,43,668,attn_gate_out
2533,CONT,f32,6144x1x1x1,,n2532,43,668,attn_gate_out
2534,UNARY,f32,6144x1x1x1,unary=sigmoid(7),n2533,43,668,attn_gate_out
2535,MUL,f32,6144x1x1x1,,n2531;n2534,43,668,attn_gate_out
2536,MUL_MAT,f32,5120x1x1x1,,l677;n2535,43,669,o_gemv
2537,ADD,f32,5120x1x1x1,,n2536;n2505,43,670,residual_add
2538,RMS_NORM,f32,5120x1x1x1,eps=9.999999975e-07,n2537,43,671,rmsnorm
2539,MUL,f32,5120x1x1x1,,n2538;l678,43,671,rmsnorm
2540,MUL_MAT,f32,17408x1x1x1,,l679;n2539,43,672,ffn_fused
2541,MUL_MAT,f32,17408x1x1x1,,l680;n2539,43,672,ffn_fused
2542,GLU,f32,17408x1x1x1,glu=swiglu(2) swapped=0 alpha=0 limit=0,n2540;n2541,43,672,ffn_fused
2543,MUL_MAT,f32,5120x1x1x1,,l681;n2542,43,672,ffn_fused
2544,ADD,f32,5120x1x1x1,,n2543;n2537,43,673,residual_add
2545,RMS_NORM,f32,5120x1x1x1,eps=9.999999975e-07,n2544,44,674,rmsnorm
2546,MUL,f32,5120x1x1x1,,n2545;l682,44,674,rmsnorm
2547,RESHAPE,f32,30720x1x1x1,,l683,44,675,conv_state_shift
2548,VIEW,f32,0x1x1x1,offset=0,n2547,44,675,conv_state_shift
2549,SCALE,f32,0x1x1x1,scale=0 bias=0,n2548,44,675,conv_state_shift
2550,GET_ROWS,f32,30720x1x1x1,,n2547;l6,44,675,conv_state_shift
2551,GET_ROWS,f32,30720x0x1x1,,n2547;l7,44,675,conv_state_shift
2552,VIEW,f32,30720x0x1x1,offset=122880,l683,44,675,conv_state_shift
2553,CPY,f32,30720x0x1x1,,n2551;n2552,44,675,conv_state_shift
2554,RESHAPE,f32,3x10240x1x1,,n2550,44,675,conv_state_shift
2555,MUL_MAT,f32,10240x1x1x1,,l684;n2546,44,676,qkv_mmvq
2556,RESHAPE,f32,10240x1x1x1,,n2555,44,676,qkv_mmvq
2557,TRANSPOSE,f32,1x10240x1x1,,n2556,44,676,qkv_mmvq
2558,CONCAT,f32,4x10240x1x1,dim=0,n2554;n2557,44,677,conv_concat_store
2559,VIEW,f32,3x10240x1x1,offset=4,n2558,44,677,conv_concat_store
2560,VIEW,f32,30720x1x1x1,offset=0,l683,44,677,conv_concat_store
2561,CPY,f32,30720x1x1x1,,n2559;n2560,44,677,conv_concat_store
2562,RESHAPE,f32,786432x1x1x1,,l685,44,678,ssm_state_fetch
2563,VIEW,f32,0x1x1x1,offset=0,n2562,44,678,ssm_state_fetch
2564,SCALE,f32,0x1x1x1,scale=0 bias=0,n2563,44,678,ssm_state_fetch
2565,GET_ROWS,f32,786432x1x1x1,,n2562;l6,44,678,ssm_state_fetch
2566,GET_ROWS,f32,786432x0x1x1,,n2562;l7,44,678,ssm_state_fetch
2567,VIEW,f32,786432x0x1x1,offset=3145728,l685,44,678,ssm_state_fetch
2568,CPY,f32,786432x0x1x1,,n2566;n2567,44,678,ssm_state_fetch
2569,SSM_CONV,f32,10240x1x1x1,,n2558;l686,44,679,ssm_conv_silu
2570,UNARY,f32,10240x1x1x1,unary=silu(10),n2569,44,679,ssm_conv_silu
2571,VIEW,f32,128x16x1x1,offset=0,n2570,44,680,qk_l2norm
2572,L2_NORM,f32,128x16x1x1,eps=9.999999975e-07,n2571,44,680,qk_l2norm
2573,VIEW,f32,128x16x1x1,offset=8192,n2570,44,680,qk_l2norm
2574,L2_NORM,f32,128x16x1x1,eps=9.999999975e-07,n2573,44,680,qk_l2norm
2575,VIEW,f32,128x48x1x1,offset=16384,n2570,44,680,qk_l2norm
2576,MUL_MAT,f32,48x1x1x1,,l687;n2546,44,681,gdn_gates
2577,RESHAPE,f32,48x1x1x1,,n2576,44,681,gdn_gates
2578,ADD,f32,48x1x1x1,,n2577;l688,44,681,gdn_gates
2579,UNARY,f32,48x1x1x1,unary=softplus(15),n2578,44,681,gdn_gates
2580,MUL,f32,48x1x1x1,,n2579;l689,44,681,gdn_gates
2581,RESHAPE,f32,1x48x1x1,,n2580,44,681,gdn_gates
2582,MUL_MAT,f32,48x1x1x1,,l690;n2546,44,681,gdn_gates
2583,RESHAPE,f32,1x48x1x1,,n2582,44,681,gdn_gates
2584,UNARY,f32,1x48x1x1,unary=sigmoid(7),n2583,44,681,gdn_gates
2585,RESHAPE,f32,128x128x48x1,,n2565,44,678,ssm_state_fetch
2586,RESHAPE,f32,786432x1x1x1,,n2585,44,678,ssm_state_fetch
2587,GATED_DELTA_NET,f32,6144x129x1x1,,n2572;n2574;n2575;n2581;n2584;n2586,44,682,deltanet_step
2588,VIEW,f32,128x128x48x1,offset=24576,n2587,44,683,ssm_state_store
2589,VIEW,f32,786432x1x1x1,offset=0,l685,44,683,ssm_state_store
2590,CPY,f32,786432x1x1x1,,n2588;n2589,44,683,ssm_state_store
2591,VIEW,f32,128x48x1x1,offset=0,n2587,44,684,gated_out_norm
2592,RMS_NORM,f32,128x48x1x1,eps=9.999999975e-07,n2591,44,684,gated_out_norm
2593,MUL,f32,128x48x1x1,,n2592;l691,44,684,gated_out_norm
2594,MUL_MAT,f32,6144x1x1x1,,l692;n2546,44,684,gated_out_norm
2595,RESHAPE,f32,128x48x1x1,,n2594,44,684,gated_out_norm
2596,UNARY,f32,128x48x1x1,unary=silu(10),n2595,44,684,gated_out_norm
2597,MUL,f32,128x48x1x1,,n2593;n2596,44,684,gated_out_norm
2598,RESHAPE,f32,6144x1x1x1,,n2597,44,684,gated_out_norm
2599,MUL_MAT,f32,5120x1x1x1,,l693;n2598,44,685,out_proj_ar16
2600,RESHAPE,f32,5120x1x1x1,,n2599,44,685,out_proj_ar16
2601,ADD,f32,5120x1x1x1,,n2600;n2544,44,686,residual_add
2602,RMS_NORM,f32,5120x1x1x1,eps=9.999999975e-07,n2601,44,687,rmsnorm
2603,MUL,f32,5120x1x1x1,,n2602;l694,44,687,rmsnorm
2604,MUL_MAT,f32,17408x1x1x1,,l695;n2603,44,688,ffn_fused
2605,MUL_MAT,f32,17408x1x1x1,,l696;n2603,44,688,ffn_fused
2606,GLU,f32,17408x1x1x1,glu=swiglu(2) swapped=0 alpha=0 limit=0,n2604;n2605,44,688,ffn_fused
2607,MUL_MAT,f32,5120x1x1x1,,l697;n2606,44,688,ffn_fused
2608,ADD,f32,5120x1x1x1,,n2607;n2601,44,689,residual_add
2609,RMS_NORM,f32,5120x1x1x1,eps=9.999999975e-07,n2608,45,690,rmsnorm
2610,MUL,f32,5120x1x1x1,,n2609;l698,45,690,rmsnorm
2611,RESHAPE,f32,30720x1x1x1,,l699,45,691,conv_state_shift
2612,VIEW,f32,0x1x1x1,offset=0,n2611,45,691,conv_state_shift
2613,SCALE,f32,0x1x1x1,scale=0 bias=0,n2612,45,691,conv_state_shift
2614,GET_ROWS,f32,30720x1x1x1,,n2611;l6,45,691,conv_state_shift
2615,GET_ROWS,f32,30720x0x1x1,,n2611;l7,45,691,conv_state_shift
2616,VIEW,f32,30720x0x1x1,offset=122880,l699,45,691,conv_state_shift
2617,CPY,f32,30720x0x1x1,,n2615;n2616,45,691,conv_state_shift
2618,RESHAPE,f32,3x10240x1x1,,n2614,45,691,conv_state_shift
2619,MUL_MAT,f32,10240x1x1x1,,l700;n2610,45,692,qkv_mmvq
2620,RESHAPE,f32,10240x1x1x1,,n2619,45,692,qkv_mmvq
2621,TRANSPOSE,f32,1x10240x1x1,,n2620,45,692,qkv_mmvq
2622,CONCAT,f32,4x10240x1x1,dim=0,n2618;n2621,45,693,conv_concat_store
2623,VIEW,f32,3x10240x1x1,offset=4,n2622,45,693,conv_concat_store
2624,VIEW,f32,30720x1x1x1,offset=0,l699,45,693,conv_concat_store
2625,CPY,f32,30720x1x1x1,,n2623;n2624,45,693,conv_concat_store
2626,RESHAPE,f32,786432x1x1x1,,l701,45,694,ssm_state_fetch
2627,VIEW,f32,0x1x1x1,offset=0,n2626,45,694,ssm_state_fetch
2628,SCALE,f32,0x1x1x1,scale=0 bias=0,n2627,45,694,ssm_state_fetch
2629,GET_ROWS,f32,786432x1x1x1,,n2626;l6,45,694,ssm_state_fetch
2630,GET_ROWS,f32,786432x0x1x1,,n2626;l7,45,694,ssm_state_fetch
2631,VIEW,f32,786432x0x1x1,offset=3145728,l701,45,694,ssm_state_fetch
2632,CPY,f32,786432x0x1x1,,n2630;n2631,45,694,ssm_state_fetch
2633,SSM_CONV,f32,10240x1x1x1,,n2622;l702,45,695,ssm_conv_silu
2634,UNARY,f32,10240x1x1x1,unary=silu(10),n2633,45,695,ssm_conv_silu
2635,VIEW,f32,128x16x1x1,offset=0,n2634,45,696,qk_l2norm
2636,L2_NORM,f32,128x16x1x1,eps=9.999999975e-07,n2635,45,696,qk_l2norm
2637,VIEW,f32,128x16x1x1,offset=8192,n2634,45,696,qk_l2norm
2638,L2_NORM,f32,128x16x1x1,eps=9.999999975e-07,n2637,45,696,qk_l2norm
2639,VIEW,f32,128x48x1x1,offset=16384,n2634,45,696,qk_l2norm
2640,MUL_MAT,f32,48x1x1x1,,l703;n2610,45,697,gdn_gates
2641,RESHAPE,f32,48x1x1x1,,n2640,45,697,gdn_gates
2642,ADD,f32,48x1x1x1,,n2641;l704,45,697,gdn_gates
2643,UNARY,f32,48x1x1x1,unary=softplus(15),n2642,45,697,gdn_gates
2644,MUL,f32,48x1x1x1,,n2643;l705,45,697,gdn_gates
2645,RESHAPE,f32,1x48x1x1,,n2644,45,697,gdn_gates
2646,MUL_MAT,f32,48x1x1x1,,l706;n2610,45,697,gdn_gates
2647,RESHAPE,f32,1x48x1x1,,n2646,45,697,gdn_gates
2648,UNARY,f32,1x48x1x1,unary=sigmoid(7),n2647,45,697,gdn_gates
2649,RESHAPE,f32,128x128x48x1,,n2629,45,694,ssm_state_fetch
2650,RESHAPE,f32,786432x1x1x1,,n2649,45,694,ssm_state_fetch
2651,GATED_DELTA_NET,f32,6144x129x1x1,,n2636;n2638;n2639;n2645;n2648;n2650,45,698,deltanet_step
2652,VIEW,f32,128x128x48x1,offset=24576,n2651,45,699,ssm_state_store
2653,VIEW,f32,786432x1x1x1,offset=0,l701,45,699,ssm_state_store
2654,CPY,f32,786432x1x1x1,,n2652;n2653,45,699,ssm_state_store
2655,VIEW,f32,128x48x1x1,offset=0,n2651,45,700,gated_out_norm
2656,RMS_NORM,f32,128x48x1x1,eps=9.999999975e-07,n2655,45,700,gated_out_norm
2657,MUL,f32,128x48x1x1,,n2656;l707,45,700,gated_out_norm
2658,MUL_MAT,f32,6144x1x1x1,,l708;n2610,45,700,gated_out_norm
2659,RESHAPE,f32,128x48x1x1,,n2658,45,700,gated_out_norm
2660,UNARY,f32,128x48x1x1,unary=silu(10),n2659,45,700,gated_out_norm
2661,MUL,f32,128x48x1x1,,n2657;n2660,45,700,gated_out_norm
2662,RESHAPE,f32,6144x1x1x1,,n2661,45,700,gated_out_norm
2663,MUL_MAT,f32,5120x1x1x1,,l709;n2662,45,701,out_proj_ar16
2664,RESHAPE,f32,5120x1x1x1,,n2663,45,701,out_proj_ar16
2665,ADD,f32,5120x1x1x1,,n2664;n2608,45,702,residual_add
2666,RMS_NORM,f32,5120x1x1x1,eps=9.999999975e-07,n2665,45,703,rmsnorm
2667,MUL,f32,5120x1x1x1,,n2666;l710,45,703,rmsnorm
2668,MUL_MAT,f32,17408x1x1x1,,l711;n2667,45,704,ffn_fused
2669,MUL_MAT,f32,17408x1x1x1,,l712;n2667,45,704,ffn_fused
2670,GLU,f32,17408x1x1x1,glu=swiglu(2) swapped=0 alpha=0 limit=0,n2668;n2669,45,704,ffn_fused
2671,MUL_MAT,f32,5120x1x1x1,,l713;n2670,45,704,ffn_fused
2672,ADD,f32,5120x1x1x1,,n2671;n2665,45,705,residual_add
2673,RMS_NORM,f32,5120x1x1x1,eps=9.999999975e-07,n2672,46,706,rmsnorm
2674,MUL,f32,5120x1x1x1,,n2673;l714,46,706,rmsnorm
2675,RESHAPE,f32,30720x1x1x1,,l715,46,707,conv_state_shift
2676,VIEW,f32,0x1x1x1,offset=0,n2675,46,707,conv_state_shift
2677,SCALE,f32,0x1x1x1,scale=0 bias=0,n2676,46,707,conv_state_shift
2678,GET_ROWS,f32,30720x1x1x1,,n2675;l6,46,707,conv_state_shift
2679,GET_ROWS,f32,30720x0x1x1,,n2675;l7,46,707,conv_state_shift
2680,VIEW,f32,30720x0x1x1,offset=122880,l715,46,707,conv_state_shift
2681,CPY,f32,30720x0x1x1,,n2679;n2680,46,707,conv_state_shift
2682,RESHAPE,f32,3x10240x1x1,,n2678,46,707,conv_state_shift
2683,MUL_MAT,f32,10240x1x1x1,,l716;n2674,46,708,qkv_mmvq
2684,RESHAPE,f32,10240x1x1x1,,n2683,46,708,qkv_mmvq
2685,TRANSPOSE,f32,1x10240x1x1,,n2684,46,708,qkv_mmvq
2686,CONCAT,f32,4x10240x1x1,dim=0,n2682;n2685,46,709,conv_concat_store
2687,VIEW,f32,3x10240x1x1,offset=4,n2686,46,709,conv_concat_store
2688,VIEW,f32,30720x1x1x1,offset=0,l715,46,709,conv_concat_store
2689,CPY,f32,30720x1x1x1,,n2687;n2688,46,709,conv_concat_store
2690,RESHAPE,f32,786432x1x1x1,,l717,46,710,ssm_state_fetch
2691,VIEW,f32,0x1x1x1,offset=0,n2690,46,710,ssm_state_fetch
2692,SCALE,f32,0x1x1x1,scale=0 bias=0,n2691,46,710,ssm_state_fetch
2693,GET_ROWS,f32,786432x1x1x1,,n2690;l6,46,710,ssm_state_fetch
2694,GET_ROWS,f32,786432x0x1x1,,n2690;l7,46,710,ssm_state_fetch
2695,VIEW,f32,786432x0x1x1,offset=3145728,l717,46,710,ssm_state_fetch
2696,CPY,f32,786432x0x1x1,,n2694;n2695,46,710,ssm_state_fetch
2697,SSM_CONV,f32,10240x1x1x1,,n2686;l718,46,711,ssm_conv_silu
2698,UNARY,f32,10240x1x1x1,unary=silu(10),n2697,46,711,ssm_conv_silu
2699,VIEW,f32,128x16x1x1,offset=0,n2698,46,712,qk_l2norm
2700,L2_NORM,f32,128x16x1x1,eps=9.999999975e-07,n2699,46,712,qk_l2norm
2701,VIEW,f32,128x16x1x1,offset=8192,n2698,46,712,qk_l2norm
2702,L2_NORM,f32,128x16x1x1,eps=9.999999975e-07,n2701,46,712,qk_l2norm
2703,VIEW,f32,128x48x1x1,offset=16384,n2698,46,712,qk_l2norm
2704,MUL_MAT,f32,48x1x1x1,,l719;n2674,46,713,gdn_gates
2705,RESHAPE,f32,48x1x1x1,,n2704,46,713,gdn_gates
2706,ADD,f32,48x1x1x1,,n2705;l720,46,713,gdn_gates
2707,UNARY,f32,48x1x1x1,unary=softplus(15),n2706,46,713,gdn_gates
2708,MUL,f32,48x1x1x1,,n2707;l721,46,713,gdn_gates
2709,RESHAPE,f32,1x48x1x1,,n2708,46,713,gdn_gates
2710,MUL_MAT,f32,48x1x1x1,,l722;n2674,46,713,gdn_gates
2711,RESHAPE,f32,1x48x1x1,,n2710,46,713,gdn_gates
2712,UNARY,f32,1x48x1x1,unary=sigmoid(7),n2711,46,713,gdn_gates
2713,RESHAPE,f32,128x128x48x1,,n2693,46,710,ssm_state_fetch
2714,RESHAPE,f32,786432x1x1x1,,n2713,46,710,ssm_state_fetch
2715,GATED_DELTA_NET,f32,6144x129x1x1,,n2700;n2702;n2703;n2709;n2712;n2714,46,714,deltanet_step
2716,VIEW,f32,128x128x48x1,offset=24576,n2715,46,715,ssm_state_store
2717,VIEW,f32,786432x1x1x1,offset=0,l717,46,715,ssm_state_store
2718,CPY,f32,786432x1x1x1,,n2716;n2717,46,715,ssm_state_store
2719,VIEW,f32,128x48x1x1,offset=0,n2715,46,716,gated_out_norm
2720,RMS_NORM,f32,128x48x1x1,eps=9.999999975e-07,n2719,46,716,gated_out_norm
2721,MUL,f32,128x48x1x1,,n2720;l723,46,716,gated_out_norm
2722,MUL_MAT,f32,6144x1x1x1,,l724;n2674,46,716,gated_out_norm
2723,RESHAPE,f32,128x48x1x1,,n2722,46,716,gated_out_norm
2724,UNARY,f32,128x48x1x1,unary=silu(10),n2723,46,716,gated_out_norm
2725,MUL,f32,128x48x1x1,,n2721;n2724,46,716,gated_out_norm
2726,RESHAPE,f32,6144x1x1x1,,n2725,46,716,gated_out_norm
2727,MUL_MAT,f32,5120x1x1x1,,l725;n2726,46,717,out_proj_ar16
2728,RESHAPE,f32,5120x1x1x1,,n2727,46,717,out_proj_ar16
2729,ADD,f32,5120x1x1x1,,n2728;n2672,46,718,residual_add
2730,RMS_NORM,f32,5120x1x1x1,eps=9.999999975e-07,n2729,46,719,rmsnorm
2731,MUL,f32,5120x1x1x1,,n2730;l726,46,719,rmsnorm
2732,MUL_MAT,f32,17408x1x1x1,,l727;n2731,46,720,ffn_fused
2733,MUL_MAT,f32,17408x1x1x1,,l728;n2731,46,720,ffn_fused
2734,GLU,f32,17408x1x1x1,glu=swiglu(2) swapped=0 alpha=0 limit=0,n2732;n2733,46,720,ffn_fused
2735,MUL_MAT,f32,5120x1x1x1,,l729;n2734,46,720,ffn_fused
2736,ADD,f32,5120x1x1x1,,n2735;n2729,46,721,residual_add
2737,RMS_NORM,f32,5120x1x1x1,eps=9.999999975e-07,n2736,47,722,rmsnorm
2738,MUL,f32,5120x1x1x1,,n2737;l730,47,722,rmsnorm
2739,MUL_MAT,f32,12288x1x1x1,,l731;n2738,47,723,q_gemv_norm_rope
2740,VIEW,f32,256x24x1x1,offset=0,n2739,47,723,q_gemv_norm_rope
2741,RMS_NORM,f32,256x24x1x1,eps=9.999999975e-07,n2740,47,723,q_gemv_norm_rope
2742,MUL,f32,256x24x1x1,,n2741;l732,47,723,q_gemv_norm_rope
2743,ROPE,f32,256x24x1x1,n_dims=64 mode=IMROPE(40) n_ctx_orig=262144 freq_base=10000000 freq_scale=1 ext_factor=0 attn_factor=1 beta_fast=32 beta_slow=1 sections=[11 11 10 0],n2742;l57,47,723,q_gemv_norm_rope
2744,MUL_MAT,f32,1024x1x1x1,,l733;n2738,47,724,v_gemv
2745,RESHAPE,f32,256x4x1x1,,n2744,47,724,v_gemv
2746,MUL_MAT,f32,1024x1x1x1,,l734;n2738,47,725,k_gemv_norm_rope
2747,RESHAPE,f32,256x4x1x1,,n2746,47,725,k_gemv_norm_rope
2748,RMS_NORM,f32,256x4x1x1,eps=9.999999975e-07,n2747,47,725,k_gemv_norm_rope
2749,MUL,f32,256x4x1x1,,n2748;l735,47,725,k_gemv_norm_rope
2750,ROPE,f32,256x4x1x1,n_dims=64 mode=IMROPE(40) n_ctx_orig=262144 freq_base=10000000 freq_scale=1 ext_factor=0 attn_factor=1 beta_fast=32 beta_slow=1 sections=[11 11 10 0],n2749;l57,47,725,k_gemv_norm_rope
2751,VIEW,f32,1024x1x1x1,offset=0,n2750,47,726,kv_append
2752,SET_ROWS,f16,1024x262144x1x1,,n2751;l61;l736,47,726,kv_append
2753,VIEW,f32,1024x1x1x1,offset=0,n2745,47,726,kv_append
2754,SET_ROWS,f16,1024x262144x1x1,,n2753;l63;l737,47,726,kv_append
2755,VIEW,f32,256x24x1x1,offset=0,n2743,47,727,fattn_prep
2756,PERMUTE,f32,256x1x24x1,axes=[0 2 1 3],n2755,47,727,fattn_prep
2757,VIEW,f16,256x4x33024x1,offset=0,l736,47,727,fattn_prep
2758,PERMUTE,f16,256x33024x4x1,axes=[0 2 1 3],n2757,47,727,fattn_prep
2759,VIEW,f16,256x4x33024x1,offset=0,l737,47,727,fattn_prep
2760,PERMUTE,f16,256x33024x4x1,axes=[0 2 1 3],n2759,47,727,fattn_prep
2761,FLASH_ATTN_EXT,f32,256x24x1x1,scale=0.0625 max_bias=0 logit_softcap=0 prec=10,n2756;n2758;n2760;n219,47,728,fattn_decode
2762,RESHAPE,f32,6144x1x1x1,,n2761,47,729,attn_gate_out
2763,VIEW,f32,256x24x1x1,offset=1024,n2739,47,729,attn_gate_out
2764,CONT,f32,6144x1x1x1,,n2763,47,729,attn_gate_out
2765,UNARY,f32,6144x1x1x1,unary=sigmoid(7),n2764,47,729,attn_gate_out
2766,MUL,f32,6144x1x1x1,,n2762;n2765,47,729,attn_gate_out
2767,MUL_MAT,f32,5120x1x1x1,,l738;n2766,47,730,o_gemv
2768,ADD,f32,5120x1x1x1,,n2767;n2736,47,731,residual_add
2769,RMS_NORM,f32,5120x1x1x1,eps=9.999999975e-07,n2768,47,732,rmsnorm
2770,MUL,f32,5120x1x1x1,,n2769;l739,47,732,rmsnorm
2771,MUL_MAT,f32,17408x1x1x1,,l740;n2770,47,733,ffn_fused
2772,MUL_MAT,f32,17408x1x1x1,,l741;n2770,47,733,ffn_fused
2773,GLU,f32,17408x1x1x1,glu=swiglu(2) swapped=0 alpha=0 limit=0,n2771;n2772,47,733,ffn_fused
2774,MUL_MAT,f32,5120x1x1x1,,l742;n2773,47,733,ffn_fused
2775,ADD,f32,5120x1x1x1,,n2774;n2768,47,734,residual_add
2776,RMS_NORM,f32,5120x1x1x1,eps=9.999999975e-07,n2775,48,735,rmsnorm
2777,MUL,f32,5120x1x1x1,,n2776;l743,48,735,rmsnorm
2778,RESHAPE,f32,30720x1x1x1,,l744,48,736,conv_state_shift
2779,VIEW,f32,0x1x1x1,offset=0,n2778,48,736,conv_state_shift
2780,SCALE,f32,0x1x1x1,scale=0 bias=0,n2779,48,736,conv_state_shift
2781,GET_ROWS,f32,30720x1x1x1,,n2778;l6,48,736,conv_state_shift
2782,GET_ROWS,f32,30720x0x1x1,,n2778;l7,48,736,conv_state_shift
2783,VIEW,f32,30720x0x1x1,offset=122880,l744,48,736,conv_state_shift
2784,CPY,f32,30720x0x1x1,,n2782;n2783,48,736,conv_state_shift
2785,RESHAPE,f32,3x10240x1x1,,n2781,48,736,conv_state_shift
2786,MUL_MAT,f32,10240x1x1x1,,l745;n2777,48,737,qkv_mmvq
2787,RESHAPE,f32,10240x1x1x1,,n2786,48,737,qkv_mmvq
2788,TRANSPOSE,f32,1x10240x1x1,,n2787,48,737,qkv_mmvq
2789,CONCAT,f32,4x10240x1x1,dim=0,n2785;n2788,48,738,conv_concat_store
2790,VIEW,f32,3x10240x1x1,offset=4,n2789,48,738,conv_concat_store
2791,VIEW,f32,30720x1x1x1,offset=0,l744,48,738,conv_concat_store
2792,CPY,f32,30720x1x1x1,,n2790;n2791,48,738,conv_concat_store
2793,RESHAPE,f32,786432x1x1x1,,l746,48,739,ssm_state_fetch
2794,VIEW,f32,0x1x1x1,offset=0,n2793,48,739,ssm_state_fetch
2795,SCALE,f32,0x1x1x1,scale=0 bias=0,n2794,48,739,ssm_state_fetch
2796,GET_ROWS,f32,786432x1x1x1,,n2793;l6,48,739,ssm_state_fetch
2797,GET_ROWS,f32,786432x0x1x1,,n2793;l7,48,739,ssm_state_fetch
2798,VIEW,f32,786432x0x1x1,offset=3145728,l746,48,739,ssm_state_fetch
2799,CPY,f32,786432x0x1x1,,n2797;n2798,48,739,ssm_state_fetch
2800,SSM_CONV,f32,10240x1x1x1,,n2789;l747,48,740,ssm_conv_silu
2801,UNARY,f32,10240x1x1x1,unary=silu(10),n2800,48,740,ssm_conv_silu
2802,VIEW,f32,128x16x1x1,offset=0,n2801,48,741,qk_l2norm
2803,L2_NORM,f32,128x16x1x1,eps=9.999999975e-07,n2802,48,741,qk_l2norm
2804,VIEW,f32,128x16x1x1,offset=8192,n2801,48,741,qk_l2norm
2805,L2_NORM,f32,128x16x1x1,eps=9.999999975e-07,n2804,48,741,qk_l2norm
2806,VIEW,f32,128x48x1x1,offset=16384,n2801,48,741,qk_l2norm
2807,MUL_MAT,f32,48x1x1x1,,l748;n2777,48,742,gdn_gates
2808,RESHAPE,f32,48x1x1x1,,n2807,48,742,gdn_gates
2809,ADD,f32,48x1x1x1,,n2808;l749,48,742,gdn_gates
2810,UNARY,f32,48x1x1x1,unary=softplus(15),n2809,48,742,gdn_gates
2811,MUL,f32,48x1x1x1,,n2810;l750,48,742,gdn_gates
2812,RESHAPE,f32,1x48x1x1,,n2811,48,742,gdn_gates
2813,MUL_MAT,f32,48x1x1x1,,l751;n2777,48,742,gdn_gates
2814,RESHAPE,f32,1x48x1x1,,n2813,48,742,gdn_gates
2815,UNARY,f32,1x48x1x1,unary=sigmoid(7),n2814,48,742,gdn_gates
2816,RESHAPE,f32,128x128x48x1,,n2796,48,739,ssm_state_fetch
2817,RESHAPE,f32,786432x1x1x1,,n2816,48,739,ssm_state_fetch
2818,GATED_DELTA_NET,f32,6144x129x1x1,,n2803;n2805;n2806;n2812;n2815;n2817,48,743,deltanet_step
2819,VIEW,f32,128x128x48x1,offset=24576,n2818,48,744,ssm_state_store
2820,VIEW,f32,786432x1x1x1,offset=0,l746,48,744,ssm_state_store
2821,CPY,f32,786432x1x1x1,,n2819;n2820,48,744,ssm_state_store
2822,VIEW,f32,128x48x1x1,offset=0,n2818,48,745,gated_out_norm
2823,RMS_NORM,f32,128x48x1x1,eps=9.999999975e-07,n2822,48,745,gated_out_norm
2824,MUL,f32,128x48x1x1,,n2823;l752,48,745,gated_out_norm
2825,MUL_MAT,f32,6144x1x1x1,,l753;n2777,48,745,gated_out_norm
2826,RESHAPE,f32,128x48x1x1,,n2825,48,745,gated_out_norm
2827,UNARY,f32,128x48x1x1,unary=silu(10),n2826,48,745,gated_out_norm
2828,MUL,f32,128x48x1x1,,n2824;n2827,48,745,gated_out_norm
2829,RESHAPE,f32,6144x1x1x1,,n2828,48,745,gated_out_norm
2830,MUL_MAT,f32,5120x1x1x1,,l754;n2829,48,746,out_proj_ar16
2831,RESHAPE,f32,5120x1x1x1,,n2830,48,746,out_proj_ar16
2832,ADD,f32,5120x1x1x1,,n2831;n2775,48,747,residual_add
2833,RMS_NORM,f32,5120x1x1x1,eps=9.999999975e-07,n2832,48,748,rmsnorm
2834,MUL,f32,5120x1x1x1,,n2833;l755,48,748,rmsnorm
2835,MUL_MAT,f32,17408x1x1x1,,l756;n2834,48,749,ffn_fused
2836,MUL_MAT,f32,17408x1x1x1,,l757;n2834,48,749,ffn_fused
2837,GLU,f32,17408x1x1x1,glu=swiglu(2) swapped=0 alpha=0 limit=0,n2835;n2836,48,749,ffn_fused
2838,MUL_MAT,f32,5120x1x1x1,,l758;n2837,48,749,ffn_fused
2839,ADD,f32,5120x1x1x1,,n2838;n2832,48,750,residual_add
2840,RMS_NORM,f32,5120x1x1x1,eps=9.999999975e-07,n2839,49,751,rmsnorm
2841,MUL,f32,5120x1x1x1,,n2840;l759,49,751,rmsnorm
2842,RESHAPE,f32,30720x1x1x1,,l760,49,752,conv_state_shift
2843,VIEW,f32,0x1x1x1,offset=0,n2842,49,752,conv_state_shift
2844,SCALE,f32,0x1x1x1,scale=0 bias=0,n2843,49,752,conv_state_shift
2845,GET_ROWS,f32,30720x1x1x1,,n2842;l6,49,752,conv_state_shift
2846,GET_ROWS,f32,30720x0x1x1,,n2842;l7,49,752,conv_state_shift
2847,VIEW,f32,30720x0x1x1,offset=122880,l760,49,752,conv_state_shift
2848,CPY,f32,30720x0x1x1,,n2846;n2847,49,752,conv_state_shift
2849,RESHAPE,f32,3x10240x1x1,,n2845,49,752,conv_state_shift
2850,MUL_MAT,f32,10240x1x1x1,,l761;n2841,49,753,qkv_mmvq
2851,RESHAPE,f32,10240x1x1x1,,n2850,49,753,qkv_mmvq
2852,TRANSPOSE,f32,1x10240x1x1,,n2851,49,753,qkv_mmvq
2853,CONCAT,f32,4x10240x1x1,dim=0,n2849;n2852,49,754,conv_concat_store
2854,VIEW,f32,3x10240x1x1,offset=4,n2853,49,754,conv_concat_store
2855,VIEW,f32,30720x1x1x1,offset=0,l760,49,754,conv_concat_store
2856,CPY,f32,30720x1x1x1,,n2854;n2855,49,754,conv_concat_store
2857,RESHAPE,f32,786432x1x1x1,,l762,49,755,ssm_state_fetch
2858,VIEW,f32,0x1x1x1,offset=0,n2857,49,755,ssm_state_fetch
2859,SCALE,f32,0x1x1x1,scale=0 bias=0,n2858,49,755,ssm_state_fetch
2860,GET_ROWS,f32,786432x1x1x1,,n2857;l6,49,755,ssm_state_fetch
2861,GET_ROWS,f32,786432x0x1x1,,n2857;l7,49,755,ssm_state_fetch
2862,VIEW,f32,786432x0x1x1,offset=3145728,l762,49,755,ssm_state_fetch
2863,CPY,f32,786432x0x1x1,,n2861;n2862,49,755,ssm_state_fetch
2864,SSM_CONV,f32,10240x1x1x1,,n2853;l763,49,756,ssm_conv_silu
2865,UNARY,f32,10240x1x1x1,unary=silu(10),n2864,49,756,ssm_conv_silu
2866,VIEW,f32,128x16x1x1,offset=0,n2865,49,757,qk_l2norm
2867,L2_NORM,f32,128x16x1x1,eps=9.999999975e-07,n2866,49,757,qk_l2norm
2868,VIEW,f32,128x16x1x1,offset=8192,n2865,49,757,qk_l2norm
2869,L2_NORM,f32,128x16x1x1,eps=9.999999975e-07,n2868,49,757,qk_l2norm
2870,VIEW,f32,128x48x1x1,offset=16384,n2865,49,757,qk_l2norm
2871,MUL_MAT,f32,48x1x1x1,,l764;n2841,49,758,gdn_gates
2872,RESHAPE,f32,48x1x1x1,,n2871,49,758,gdn_gates
2873,ADD,f32,48x1x1x1,,n2872;l765,49,758,gdn_gates
2874,UNARY,f32,48x1x1x1,unary=softplus(15),n2873,49,758,gdn_gates
2875,MUL,f32,48x1x1x1,,n2874;l766,49,758,gdn_gates
2876,RESHAPE,f32,1x48x1x1,,n2875,49,758,gdn_gates
2877,MUL_MAT,f32,48x1x1x1,,l767;n2841,49,758,gdn_gates
2878,RESHAPE,f32,1x48x1x1,,n2877,49,758,gdn_gates
2879,UNARY,f32,1x48x1x1,unary=sigmoid(7),n2878,49,758,gdn_gates
2880,RESHAPE,f32,128x128x48x1,,n2860,49,755,ssm_state_fetch
2881,RESHAPE,f32,786432x1x1x1,,n2880,49,755,ssm_state_fetch
2882,GATED_DELTA_NET,f32,6144x129x1x1,,n2867;n2869;n2870;n2876;n2879;n2881,49,759,deltanet_step
2883,VIEW,f32,128x128x48x1,offset=24576,n2882,49,760,ssm_state_store
2884,VIEW,f32,786432x1x1x1,offset=0,l762,49,760,ssm_state_store
2885,CPY,f32,786432x1x1x1,,n2883;n2884,49,760,ssm_state_store
2886,VIEW,f32,128x48x1x1,offset=0,n2882,49,761,gated_out_norm
2887,RMS_NORM,f32,128x48x1x1,eps=9.999999975e-07,n2886,49,761,gated_out_norm
2888,MUL,f32,128x48x1x1,,n2887;l768,49,761,gated_out_norm
2889,MUL_MAT,f32,6144x1x1x1,,l769;n2841,49,761,gated_out_norm
2890,RESHAPE,f32,128x48x1x1,,n2889,49,761,gated_out_norm
2891,UNARY,f32,128x48x1x1,unary=silu(10),n2890,49,761,gated_out_norm
2892,MUL,f32,128x48x1x1,,n2888;n2891,49,761,gated_out_norm
2893,RESHAPE,f32,6144x1x1x1,,n2892,49,761,gated_out_norm
2894,MUL_MAT,f32,5120x1x1x1,,l770;n2893,49,762,out_proj_ar16
2895,RESHAPE,f32,5120x1x1x1,,n2894,49,762,out_proj_ar16
2896,ADD,f32,5120x1x1x1,,n2895;n2839,49,763,residual_add
2897,RMS_NORM,f32,5120x1x1x1,eps=9.999999975e-07,n2896,49,764,rmsnorm
2898,MUL,f32,5120x1x1x1,,n2897;l771,49,764,rmsnorm
2899,MUL_MAT,f32,17408x1x1x1,,l772;n2898,49,765,ffn_fused
2900,MUL_MAT,f32,17408x1x1x1,,l773;n2898,49,765,ffn_fused
2901,GLU,f32,17408x1x1x1,glu=swiglu(2) swapped=0 alpha=0 limit=0,n2899;n2900,49,765,ffn_fused
2902,MUL_MAT,f32,5120x1x1x1,,l774;n2901,49,765,ffn_fused
2903,ADD,f32,5120x1x1x1,,n2902;n2896,49,766,residual_add
2904,RMS_NORM,f32,5120x1x1x1,eps=9.999999975e-07,n2903,50,767,rmsnorm
2905,MUL,f32,5120x1x1x1,,n2904;l775,50,767,rmsnorm
2906,RESHAPE,f32,30720x1x1x1,,l776,50,768,conv_state_shift
2907,VIEW,f32,0x1x1x1,offset=0,n2906,50,768,conv_state_shift
2908,SCALE,f32,0x1x1x1,scale=0 bias=0,n2907,50,768,conv_state_shift
2909,GET_ROWS,f32,30720x1x1x1,,n2906;l6,50,768,conv_state_shift
2910,GET_ROWS,f32,30720x0x1x1,,n2906;l7,50,768,conv_state_shift
2911,VIEW,f32,30720x0x1x1,offset=122880,l776,50,768,conv_state_shift
2912,CPY,f32,30720x0x1x1,,n2910;n2911,50,768,conv_state_shift
2913,RESHAPE,f32,3x10240x1x1,,n2909,50,768,conv_state_shift
2914,MUL_MAT,f32,10240x1x1x1,,l777;n2905,50,769,qkv_mmvq
2915,RESHAPE,f32,10240x1x1x1,,n2914,50,769,qkv_mmvq
2916,TRANSPOSE,f32,1x10240x1x1,,n2915,50,769,qkv_mmvq
2917,CONCAT,f32,4x10240x1x1,dim=0,n2913;n2916,50,770,conv_concat_store
2918,VIEW,f32,3x10240x1x1,offset=4,n2917,50,770,conv_concat_store
2919,VIEW,f32,30720x1x1x1,offset=0,l776,50,770,conv_concat_store
2920,CPY,f32,30720x1x1x1,,n2918;n2919,50,770,conv_concat_store
2921,RESHAPE,f32,786432x1x1x1,,l778,50,771,ssm_state_fetch
2922,VIEW,f32,0x1x1x1,offset=0,n2921,50,771,ssm_state_fetch
2923,SCALE,f32,0x1x1x1,scale=0 bias=0,n2922,50,771,ssm_state_fetch
2924,GET_ROWS,f32,786432x1x1x1,,n2921;l6,50,771,ssm_state_fetch
2925,GET_ROWS,f32,786432x0x1x1,,n2921;l7,50,771,ssm_state_fetch
2926,VIEW,f32,786432x0x1x1,offset=3145728,l778,50,771,ssm_state_fetch
2927,CPY,f32,786432x0x1x1,,n2925;n2926,50,771,ssm_state_fetch
2928,SSM_CONV,f32,10240x1x1x1,,n2917;l779,50,772,ssm_conv_silu
2929,UNARY,f32,10240x1x1x1,unary=silu(10),n2928,50,772,ssm_conv_silu
2930,VIEW,f32,128x16x1x1,offset=0,n2929,50,773,qk_l2norm
2931,L2_NORM,f32,128x16x1x1,eps=9.999999975e-07,n2930,50,773,qk_l2norm
2932,VIEW,f32,128x16x1x1,offset=8192,n2929,50,773,qk_l2norm
2933,L2_NORM,f32,128x16x1x1,eps=9.999999975e-07,n2932,50,773,qk_l2norm
2934,VIEW,f32,128x48x1x1,offset=16384,n2929,50,773,qk_l2norm
2935,MUL_MAT,f32,48x1x1x1,,l780;n2905,50,774,gdn_gates
2936,RESHAPE,f32,48x1x1x1,,n2935,50,774,gdn_gates
2937,ADD,f32,48x1x1x1,,n2936;l781,50,774,gdn_gates
2938,UNARY,f32,48x1x1x1,unary=softplus(15),n2937,50,774,gdn_gates
2939,MUL,f32,48x1x1x1,,n2938;l782,50,774,gdn_gates
2940,RESHAPE,f32,1x48x1x1,,n2939,50,774,gdn_gates
2941,MUL_MAT,f32,48x1x1x1,,l783;n2905,50,774,gdn_gates
2942,RESHAPE,f32,1x48x1x1,,n2941,50,774,gdn_gates
2943,UNARY,f32,1x48x1x1,unary=sigmoid(7),n2942,50,774,gdn_gates
2944,RESHAPE,f32,128x128x48x1,,n2924,50,771,ssm_state_fetch
2945,RESHAPE,f32,786432x1x1x1,,n2944,50,771,ssm_state_fetch
2946,GATED_DELTA_NET,f32,6144x129x1x1,,n2931;n2933;n2934;n2940;n2943;n2945,50,775,deltanet_step
2947,VIEW,f32,128x128x48x1,offset=24576,n2946,50,776,ssm_state_store
2948,VIEW,f32,786432x1x1x1,offset=0,l778,50,776,ssm_state_store
2949,CPY,f32,786432x1x1x1,,n2947;n2948,50,776,ssm_state_store
2950,VIEW,f32,128x48x1x1,offset=0,n2946,50,777,gated_out_norm
2951,RMS_NORM,f32,128x48x1x1,eps=9.999999975e-07,n2950,50,777,gated_out_norm
2952,MUL,f32,128x48x1x1,,n2951;l784,50,777,gated_out_norm
2953,MUL_MAT,f32,6144x1x1x1,,l785;n2905,50,777,gated_out_norm
2954,RESHAPE,f32,128x48x1x1,,n2953,50,777,gated_out_norm
2955,UNARY,f32,128x48x1x1,unary=silu(10),n2954,50,777,gated_out_norm
2956,MUL,f32,128x48x1x1,,n2952;n2955,50,777,gated_out_norm
2957,RESHAPE,f32,6144x1x1x1,,n2956,50,777,gated_out_norm
2958,MUL_MAT,f32,5120x1x1x1,,l786;n2957,50,778,out_proj_ar16
2959,RESHAPE,f32,5120x1x1x1,,n2958,50,778,out_proj_ar16
2960,ADD,f32,5120x1x1x1,,n2959;n2903,50,779,residual_add
2961,RMS_NORM,f32,5120x1x1x1,eps=9.999999975e-07,n2960,50,780,rmsnorm
2962,MUL,f32,5120x1x1x1,,n2961;l787,50,780,rmsnorm
2963,MUL_MAT,f32,17408x1x1x1,,l788;n2962,50,781,ffn_fused
2964,MUL_MAT,f32,17408x1x1x1,,l789;n2962,50,781,ffn_fused
2965,GLU,f32,17408x1x1x1,glu=swiglu(2) swapped=0 alpha=0 limit=0,n2963;n2964,50,781,ffn_fused
2966,MUL_MAT,f32,5120x1x1x1,,l790;n2965,50,781,ffn_fused
2967,ADD,f32,5120x1x1x1,,n2966;n2960,50,782,residual_add
2968,RMS_NORM,f32,5120x1x1x1,eps=9.999999975e-07,n2967,51,783,rmsnorm
2969,MUL,f32,5120x1x1x1,,n2968;l791,51,783,rmsnorm
2970,MUL_MAT,f32,12288x1x1x1,,l792;n2969,51,784,q_gemv_norm_rope
2971,VIEW,f32,256x24x1x1,offset=0,n2970,51,784,q_gemv_norm_rope
2972,RMS_NORM,f32,256x24x1x1,eps=9.999999975e-07,n2971,51,784,q_gemv_norm_rope
2973,MUL,f32,256x24x1x1,,n2972;l793,51,784,q_gemv_norm_rope
2974,ROPE,f32,256x24x1x1,n_dims=64 mode=IMROPE(40) n_ctx_orig=262144 freq_base=10000000 freq_scale=1 ext_factor=0 attn_factor=1 beta_fast=32 beta_slow=1 sections=[11 11 10 0],n2973;l57,51,784,q_gemv_norm_rope
2975,MUL_MAT,f32,1024x1x1x1,,l794;n2969,51,785,v_gemv
2976,RESHAPE,f32,256x4x1x1,,n2975,51,785,v_gemv
2977,MUL_MAT,f32,1024x1x1x1,,l795;n2969,51,786,k_gemv_norm_rope
2978,RESHAPE,f32,256x4x1x1,,n2977,51,786,k_gemv_norm_rope
2979,RMS_NORM,f32,256x4x1x1,eps=9.999999975e-07,n2978,51,786,k_gemv_norm_rope
2980,MUL,f32,256x4x1x1,,n2979;l796,51,786,k_gemv_norm_rope
2981,ROPE,f32,256x4x1x1,n_dims=64 mode=IMROPE(40) n_ctx_orig=262144 freq_base=10000000 freq_scale=1 ext_factor=0 attn_factor=1 beta_fast=32 beta_slow=1 sections=[11 11 10 0],n2980;l57,51,786,k_gemv_norm_rope
2982,VIEW,f32,1024x1x1x1,offset=0,n2981,51,787,kv_append
2983,SET_ROWS,f16,1024x262144x1x1,,n2982;l61;l797,51,787,kv_append
2984,VIEW,f32,1024x1x1x1,offset=0,n2976,51,787,kv_append
2985,SET_ROWS,f16,1024x262144x1x1,,n2984;l63;l798,51,787,kv_append
2986,VIEW,f32,256x24x1x1,offset=0,n2974,51,788,fattn_prep
2987,PERMUTE,f32,256x1x24x1,axes=[0 2 1 3],n2986,51,788,fattn_prep
2988,VIEW,f16,256x4x33024x1,offset=0,l797,51,788,fattn_prep
2989,PERMUTE,f16,256x33024x4x1,axes=[0 2 1 3],n2988,51,788,fattn_prep
2990,VIEW,f16,256x4x33024x1,offset=0,l798,51,788,fattn_prep
2991,PERMUTE,f16,256x33024x4x1,axes=[0 2 1 3],n2990,51,788,fattn_prep
2992,FLASH_ATTN_EXT,f32,256x24x1x1,scale=0.0625 max_bias=0 logit_softcap=0 prec=10,n2987;n2989;n2991;n219,51,789,fattn_decode
2993,RESHAPE,f32,6144x1x1x1,,n2992,51,790,attn_gate_out
2994,VIEW,f32,256x24x1x1,offset=1024,n2970,51,790,attn_gate_out
2995,CONT,f32,6144x1x1x1,,n2994,51,790,attn_gate_out
2996,UNARY,f32,6144x1x1x1,unary=sigmoid(7),n2995,51,790,attn_gate_out
2997,MUL,f32,6144x1x1x1,,n2993;n2996,51,790,attn_gate_out
2998,MUL_MAT,f32,5120x1x1x1,,l799;n2997,51,791,o_gemv
2999,ADD,f32,5120x1x1x1,,n2998;n2967,51,792,residual_add
3000,RMS_NORM,f32,5120x1x1x1,eps=9.999999975e-07,n2999,51,793,rmsnorm
3001,MUL,f32,5120x1x1x1,,n3000;l800,51,793,rmsnorm
3002,MUL_MAT,f32,17408x1x1x1,,l801;n3001,51,794,ffn_fused
3003,MUL_MAT,f32,17408x1x1x1,,l802;n3001,51,794,ffn_fused
3004,GLU,f32,17408x1x1x1,glu=swiglu(2) swapped=0 alpha=0 limit=0,n3002;n3003,51,794,ffn_fused
3005,MUL_MAT,f32,5120x1x1x1,,l803;n3004,51,794,ffn_fused
3006,ADD,f32,5120x1x1x1,,n3005;n2999,51,795,residual_add
3007,RMS_NORM,f32,5120x1x1x1,eps=9.999999975e-07,n3006,52,796,rmsnorm
3008,MUL,f32,5120x1x1x1,,n3007;l804,52,796,rmsnorm
3009,RESHAPE,f32,30720x1x1x1,,l805,52,797,conv_state_shift
3010,VIEW,f32,0x1x1x1,offset=0,n3009,52,797,conv_state_shift
3011,SCALE,f32,0x1x1x1,scale=0 bias=0,n3010,52,797,conv_state_shift
3012,GET_ROWS,f32,30720x1x1x1,,n3009;l6,52,797,conv_state_shift
3013,GET_ROWS,f32,30720x0x1x1,,n3009;l7,52,797,conv_state_shift
3014,VIEW,f32,30720x0x1x1,offset=122880,l805,52,797,conv_state_shift
3015,CPY,f32,30720x0x1x1,,n3013;n3014,52,797,conv_state_shift
3016,RESHAPE,f32,3x10240x1x1,,n3012,52,797,conv_state_shift
3017,MUL_MAT,f32,10240x1x1x1,,l806;n3008,52,798,qkv_mmvq
3018,RESHAPE,f32,10240x1x1x1,,n3017,52,798,qkv_mmvq
3019,TRANSPOSE,f32,1x10240x1x1,,n3018,52,798,qkv_mmvq
3020,CONCAT,f32,4x10240x1x1,dim=0,n3016;n3019,52,799,conv_concat_store
3021,VIEW,f32,3x10240x1x1,offset=4,n3020,52,799,conv_concat_store
3022,VIEW,f32,30720x1x1x1,offset=0,l805,52,799,conv_concat_store
3023,CPY,f32,30720x1x1x1,,n3021;n3022,52,799,conv_concat_store
3024,RESHAPE,f32,786432x1x1x1,,l807,52,800,ssm_state_fetch
3025,VIEW,f32,0x1x1x1,offset=0,n3024,52,800,ssm_state_fetch
3026,SCALE,f32,0x1x1x1,scale=0 bias=0,n3025,52,800,ssm_state_fetch
3027,GET_ROWS,f32,786432x1x1x1,,n3024;l6,52,800,ssm_state_fetch
3028,GET_ROWS,f32,786432x0x1x1,,n3024;l7,52,800,ssm_state_fetch
3029,VIEW,f32,786432x0x1x1,offset=3145728,l807,52,800,ssm_state_fetch
3030,CPY,f32,786432x0x1x1,,n3028;n3029,52,800,ssm_state_fetch
3031,SSM_CONV,f32,10240x1x1x1,,n3020;l808,52,801,ssm_conv_silu
3032,UNARY,f32,10240x1x1x1,unary=silu(10),n3031,52,801,ssm_conv_silu
3033,VIEW,f32,128x16x1x1,offset=0,n3032,52,802,qk_l2norm
3034,L2_NORM,f32,128x16x1x1,eps=9.999999975e-07,n3033,52,802,qk_l2norm
3035,VIEW,f32,128x16x1x1,offset=8192,n3032,52,802,qk_l2norm
3036,L2_NORM,f32,128x16x1x1,eps=9.999999975e-07,n3035,52,802,qk_l2norm
3037,VIEW,f32,128x48x1x1,offset=16384,n3032,52,802,qk_l2norm
3038,MUL_MAT,f32,48x1x1x1,,l809;n3008,52,803,gdn_gates
3039,RESHAPE,f32,48x1x1x1,,n3038,52,803,gdn_gates
3040,ADD,f32,48x1x1x1,,n3039;l810,52,803,gdn_gates
3041,UNARY,f32,48x1x1x1,unary=softplus(15),n3040,52,803,gdn_gates
3042,MUL,f32,48x1x1x1,,n3041;l811,52,803,gdn_gates
3043,RESHAPE,f32,1x48x1x1,,n3042,52,803,gdn_gates
3044,MUL_MAT,f32,48x1x1x1,,l812;n3008,52,803,gdn_gates
3045,RESHAPE,f32,1x48x1x1,,n3044,52,803,gdn_gates
3046,UNARY,f32,1x48x1x1,unary=sigmoid(7),n3045,52,803,gdn_gates
3047,RESHAPE,f32,128x128x48x1,,n3027,52,800,ssm_state_fetch
3048,RESHAPE,f32,786432x1x1x1,,n3047,52,800,ssm_state_fetch
3049,GATED_DELTA_NET,f32,6144x129x1x1,,n3034;n3036;n3037;n3043;n3046;n3048,52,804,deltanet_step
3050,VIEW,f32,128x128x48x1,offset=24576,n3049,52,805,ssm_state_store
3051,VIEW,f32,786432x1x1x1,offset=0,l807,52,805,ssm_state_store
3052,CPY,f32,786432x1x1x1,,n3050;n3051,52,805,ssm_state_store
3053,VIEW,f32,128x48x1x1,offset=0,n3049,52,806,gated_out_norm
3054,RMS_NORM,f32,128x48x1x1,eps=9.999999975e-07,n3053,52,806,gated_out_norm
3055,MUL,f32,128x48x1x1,,n3054;l813,52,806,gated_out_norm
3056,MUL_MAT,f32,6144x1x1x1,,l814;n3008,52,806,gated_out_norm
3057,RESHAPE,f32,128x48x1x1,,n3056,52,806,gated_out_norm
3058,UNARY,f32,128x48x1x1,unary=silu(10),n3057,52,806,gated_out_norm
3059,MUL,f32,128x48x1x1,,n3055;n3058,52,806,gated_out_norm
3060,RESHAPE,f32,6144x1x1x1,,n3059,52,806,gated_out_norm
3061,MUL_MAT,f32,5120x1x1x1,,l815;n3060,52,807,out_proj_ar16
3062,RESHAPE,f32,5120x1x1x1,,n3061,52,807,out_proj_ar16
3063,ADD,f32,5120x1x1x1,,n3062;n3006,52,808,residual_add
3064,RMS_NORM,f32,5120x1x1x1,eps=9.999999975e-07,n3063,52,809,rmsnorm
3065,MUL,f32,5120x1x1x1,,n3064;l816,52,809,rmsnorm
3066,MUL_MAT,f32,17408x1x1x1,,l817;n3065,52,810,ffn_fused
3067,MUL_MAT,f32,17408x1x1x1,,l818;n3065,52,810,ffn_fused
3068,GLU,f32,17408x1x1x1,glu=swiglu(2) swapped=0 alpha=0 limit=0,n3066;n3067,52,810,ffn_fused
3069,MUL_MAT,f32,5120x1x1x1,,l819;n3068,52,810,ffn_fused
3070,ADD,f32,5120x1x1x1,,n3069;n3063,52,811,residual_add
3071,RMS_NORM,f32,5120x1x1x1,eps=9.999999975e-07,n3070,53,812,rmsnorm
3072,MUL,f32,5120x1x1x1,,n3071;l820,53,812,rmsnorm
3073,RESHAPE,f32,30720x1x1x1,,l821,53,813,conv_state_shift
3074,VIEW,f32,0x1x1x1,offset=0,n3073,53,813,conv_state_shift
3075,SCALE,f32,0x1x1x1,scale=0 bias=0,n3074,53,813,conv_state_shift
3076,GET_ROWS,f32,30720x1x1x1,,n3073;l6,53,813,conv_state_shift
3077,GET_ROWS,f32,30720x0x1x1,,n3073;l7,53,813,conv_state_shift
3078,VIEW,f32,30720x0x1x1,offset=122880,l821,53,813,conv_state_shift
3079,CPY,f32,30720x0x1x1,,n3077;n3078,53,813,conv_state_shift
3080,RESHAPE,f32,3x10240x1x1,,n3076,53,813,conv_state_shift
3081,MUL_MAT,f32,10240x1x1x1,,l822;n3072,53,814,qkv_mmvq
3082,RESHAPE,f32,10240x1x1x1,,n3081,53,814,qkv_mmvq
3083,TRANSPOSE,f32,1x10240x1x1,,n3082,53,814,qkv_mmvq
3084,CONCAT,f32,4x10240x1x1,dim=0,n3080;n3083,53,815,conv_concat_store
3085,VIEW,f32,3x10240x1x1,offset=4,n3084,53,815,conv_concat_store
3086,VIEW,f32,30720x1x1x1,offset=0,l821,53,815,conv_concat_store
3087,CPY,f32,30720x1x1x1,,n3085;n3086,53,815,conv_concat_store
3088,RESHAPE,f32,786432x1x1x1,,l823,53,816,ssm_state_fetch
3089,VIEW,f32,0x1x1x1,offset=0,n3088,53,816,ssm_state_fetch
3090,SCALE,f32,0x1x1x1,scale=0 bias=0,n3089,53,816,ssm_state_fetch
3091,GET_ROWS,f32,786432x1x1x1,,n3088;l6,53,816,ssm_state_fetch
3092,GET_ROWS,f32,786432x0x1x1,,n3088;l7,53,816,ssm_state_fetch
3093,VIEW,f32,786432x0x1x1,offset=3145728,l823,53,816,ssm_state_fetch
3094,CPY,f32,786432x0x1x1,,n3092;n3093,53,816,ssm_state_fetch
3095,SSM_CONV,f32,10240x1x1x1,,n3084;l824,53,817,ssm_conv_silu
3096,UNARY,f32,10240x1x1x1,unary=silu(10),n3095,53,817,ssm_conv_silu
3097,VIEW,f32,128x16x1x1,offset=0,n3096,53,818,qk_l2norm
3098,L2_NORM,f32,128x16x1x1,eps=9.999999975e-07,n3097,53,818,qk_l2norm
3099,VIEW,f32,128x16x1x1,offset=8192,n3096,53,818,qk_l2norm
3100,L2_NORM,f32,128x16x1x1,eps=9.999999975e-07,n3099,53,818,qk_l2norm
3101,VIEW,f32,128x48x1x1,offset=16384,n3096,53,818,qk_l2norm
3102,MUL_MAT,f32,48x1x1x1,,l825;n3072,53,819,gdn_gates
3103,RESHAPE,f32,48x1x1x1,,n3102,53,819,gdn_gates
3104,ADD,f32,48x1x1x1,,n3103;l826,53,819,gdn_gates
3105,UNARY,f32,48x1x1x1,unary=softplus(15),n3104,53,819,gdn_gates
3106,MUL,f32,48x1x1x1,,n3105;l827,53,819,gdn_gates
3107,RESHAPE,f32,1x48x1x1,,n3106,53,819,gdn_gates
3108,MUL_MAT,f32,48x1x1x1,,l828;n3072,53,819,gdn_gates
3109,RESHAPE,f32,1x48x1x1,,n3108,53,819,gdn_gates
3110,UNARY,f32,1x48x1x1,unary=sigmoid(7),n3109,53,819,gdn_gates
3111,RESHAPE,f32,128x128x48x1,,n3091,53,816,ssm_state_fetch
3112,RESHAPE,f32,786432x1x1x1,,n3111,53,816,ssm_state_fetch
3113,GATED_DELTA_NET,f32,6144x129x1x1,,n3098;n3100;n3101;n3107;n3110;n3112,53,820,deltanet_step
3114,VIEW,f32,128x128x48x1,offset=24576,n3113,53,821,ssm_state_store
3115,VIEW,f32,786432x1x1x1,offset=0,l823,53,821,ssm_state_store
3116,CPY,f32,786432x1x1x1,,n3114;n3115,53,821,ssm_state_store
3117,VIEW,f32,128x48x1x1,offset=0,n3113,53,822,gated_out_norm
3118,RMS_NORM,f32,128x48x1x1,eps=9.999999975e-07,n3117,53,822,gated_out_norm
3119,MUL,f32,128x48x1x1,,n3118;l829,53,822,gated_out_norm
3120,MUL_MAT,f32,6144x1x1x1,,l830;n3072,53,822,gated_out_norm
3121,RESHAPE,f32,128x48x1x1,,n3120,53,822,gated_out_norm
3122,UNARY,f32,128x48x1x1,unary=silu(10),n3121,53,822,gated_out_norm
3123,MUL,f32,128x48x1x1,,n3119;n3122,53,822,gated_out_norm
3124,RESHAPE,f32,6144x1x1x1,,n3123,53,822,gated_out_norm
3125,MUL_MAT,f32,5120x1x1x1,,l831;n3124,53,823,out_proj_ar16
3126,RESHAPE,f32,5120x1x1x1,,n3125,53,823,out_proj_ar16
3127,ADD,f32,5120x1x1x1,,n3126;n3070,53,824,residual_add
3128,RMS_NORM,f32,5120x1x1x1,eps=9.999999975e-07,n3127,53,825,rmsnorm
3129,MUL,f32,5120x1x1x1,,n3128;l832,53,825,rmsnorm
3130,MUL_MAT,f32,17408x1x1x1,,l833;n3129,53,826,ffn_fused
3131,MUL_MAT,f32,17408x1x1x1,,l834;n3129,53,826,ffn_fused
3132,GLU,f32,17408x1x1x1,glu=swiglu(2) swapped=0 alpha=0 limit=0,n3130;n3131,53,826,ffn_fused
3133,MUL_MAT,f32,5120x1x1x1,,l835;n3132,53,826,ffn_fused
3134,ADD,f32,5120x1x1x1,,n3133;n3127,53,827,residual_add
3135,RMS_NORM,f32,5120x1x1x1,eps=9.999999975e-07,n3134,54,828,rmsnorm
3136,MUL,f32,5120x1x1x1,,n3135;l836,54,828,rmsnorm
3137,RESHAPE,f32,30720x1x1x1,,l837,54,829,conv_state_shift
3138,VIEW,f32,0x1x1x1,offset=0,n3137,54,829,conv_state_shift
3139,SCALE,f32,0x1x1x1,scale=0 bias=0,n3138,54,829,conv_state_shift
3140,GET_ROWS,f32,30720x1x1x1,,n3137;l6,54,829,conv_state_shift
3141,GET_ROWS,f32,30720x0x1x1,,n3137;l7,54,829,conv_state_shift
3142,VIEW,f32,30720x0x1x1,offset=122880,l837,54,829,conv_state_shift
3143,CPY,f32,30720x0x1x1,,n3141;n3142,54,829,conv_state_shift
3144,RESHAPE,f32,3x10240x1x1,,n3140,54,829,conv_state_shift
3145,MUL_MAT,f32,10240x1x1x1,,l838;n3136,54,830,qkv_mmvq
3146,RESHAPE,f32,10240x1x1x1,,n3145,54,830,qkv_mmvq
3147,TRANSPOSE,f32,1x10240x1x1,,n3146,54,830,qkv_mmvq
3148,CONCAT,f32,4x10240x1x1,dim=0,n3144;n3147,54,831,conv_concat_store
3149,VIEW,f32,3x10240x1x1,offset=4,n3148,54,831,conv_concat_store
3150,VIEW,f32,30720x1x1x1,offset=0,l837,54,831,conv_concat_store
3151,CPY,f32,30720x1x1x1,,n3149;n3150,54,831,conv_concat_store
3152,RESHAPE,f32,786432x1x1x1,,l839,54,832,ssm_state_fetch
3153,VIEW,f32,0x1x1x1,offset=0,n3152,54,832,ssm_state_fetch
3154,SCALE,f32,0x1x1x1,scale=0 bias=0,n3153,54,832,ssm_state_fetch
3155,GET_ROWS,f32,786432x1x1x1,,n3152;l6,54,832,ssm_state_fetch
3156,GET_ROWS,f32,786432x0x1x1,,n3152;l7,54,832,ssm_state_fetch
3157,VIEW,f32,786432x0x1x1,offset=3145728,l839,54,832,ssm_state_fetch
3158,CPY,f32,786432x0x1x1,,n3156;n3157,54,832,ssm_state_fetch
3159,SSM_CONV,f32,10240x1x1x1,,n3148;l840,54,833,ssm_conv_silu
3160,UNARY,f32,10240x1x1x1,unary=silu(10),n3159,54,833,ssm_conv_silu
3161,VIEW,f32,128x16x1x1,offset=0,n3160,54,834,qk_l2norm
3162,L2_NORM,f32,128x16x1x1,eps=9.999999975e-07,n3161,54,834,qk_l2norm
3163,VIEW,f32,128x16x1x1,offset=8192,n3160,54,834,qk_l2norm
3164,L2_NORM,f32,128x16x1x1,eps=9.999999975e-07,n3163,54,834,qk_l2norm
3165,VIEW,f32,128x48x1x1,offset=16384,n3160,54,834,qk_l2norm
3166,MUL_MAT,f32,48x1x1x1,,l841;n3136,54,835,gdn_gates
3167,RESHAPE,f32,48x1x1x1,,n3166,54,835,gdn_gates
3168,ADD,f32,48x1x1x1,,n3167;l842,54,835,gdn_gates
3169,UNARY,f32,48x1x1x1,unary=softplus(15),n3168,54,835,gdn_gates
3170,MUL,f32,48x1x1x1,,n3169;l843,54,835,gdn_gates
3171,RESHAPE,f32,1x48x1x1,,n3170,54,835,gdn_gates
3172,MUL_MAT,f32,48x1x1x1,,l844;n3136,54,835,gdn_gates
3173,RESHAPE,f32,1x48x1x1,,n3172,54,835,gdn_gates
3174,UNARY,f32,1x48x1x1,unary=sigmoid(7),n3173,54,835,gdn_gates
3175,RESHAPE,f32,128x128x48x1,,n3155,54,832,ssm_state_fetch
3176,RESHAPE,f32,786432x1x1x1,,n3175,54,832,ssm_state_fetch
3177,GATED_DELTA_NET,f32,6144x129x1x1,,n3162;n3164;n3165;n3171;n3174;n3176,54,836,deltanet_step
3178,VIEW,f32,128x128x48x1,offset=24576,n3177,54,837,ssm_state_store
3179,VIEW,f32,786432x1x1x1,offset=0,l839,54,837,ssm_state_store
3180,CPY,f32,786432x1x1x1,,n3178;n3179,54,837,ssm_state_store
3181,VIEW,f32,128x48x1x1,offset=0,n3177,54,838,gated_out_norm
3182,RMS_NORM,f32,128x48x1x1,eps=9.999999975e-07,n3181,54,838,gated_out_norm
3183,MUL,f32,128x48x1x1,,n3182;l845,54,838,gated_out_norm
3184,MUL_MAT,f32,6144x1x1x1,,l846;n3136,54,838,gated_out_norm
3185,RESHAPE,f32,128x48x1x1,,n3184,54,838,gated_out_norm
3186,UNARY,f32,128x48x1x1,unary=silu(10),n3185,54,838,gated_out_norm
3187,MUL,f32,128x48x1x1,,n3183;n3186,54,838,gated_out_norm
3188,RESHAPE,f32,6144x1x1x1,,n3187,54,838,gated_out_norm
3189,MUL_MAT,f32,5120x1x1x1,,l847;n3188,54,839,out_proj_ar16
3190,RESHAPE,f32,5120x1x1x1,,n3189,54,839,out_proj_ar16
3191,ADD,f32,5120x1x1x1,,n3190;n3134,54,840,residual_add
3192,RMS_NORM,f32,5120x1x1x1,eps=9.999999975e-07,n3191,54,841,rmsnorm
3193,MUL,f32,5120x1x1x1,,n3192;l848,54,841,rmsnorm
3194,MUL_MAT,f32,17408x1x1x1,,l849;n3193,54,842,ffn_fused
3195,MUL_MAT,f32,17408x1x1x1,,l850;n3193,54,842,ffn_fused
3196,GLU,f32,17408x1x1x1,glu=swiglu(2) swapped=0 alpha=0 limit=0,n3194;n3195,54,842,ffn_fused
3197,MUL_MAT,f32,5120x1x1x1,,l851;n3196,54,842,ffn_fused
3198,ADD,f32,5120x1x1x1,,n3197;n3191,54,843,residual_add
3199,RMS_NORM,f32,5120x1x1x1,eps=9.999999975e-07,n3198,55,844,rmsnorm
3200,MUL,f32,5120x1x1x1,,n3199;l852,55,844,rmsnorm
3201,MUL_MAT,f32,12288x1x1x1,,l853;n3200,55,845,q_gemv_norm_rope
3202,VIEW,f32,256x24x1x1,offset=0,n3201,55,845,q_gemv_norm_rope
3203,RMS_NORM,f32,256x24x1x1,eps=9.999999975e-07,n3202,55,845,q_gemv_norm_rope
3204,MUL,f32,256x24x1x1,,n3203;l854,55,845,q_gemv_norm_rope
3205,ROPE,f32,256x24x1x1,n_dims=64 mode=IMROPE(40) n_ctx_orig=262144 freq_base=10000000 freq_scale=1 ext_factor=0 attn_factor=1 beta_fast=32 beta_slow=1 sections=[11 11 10 0],n3204;l57,55,845,q_gemv_norm_rope
3206,MUL_MAT,f32,1024x1x1x1,,l855;n3200,55,846,v_gemv
3207,RESHAPE,f32,256x4x1x1,,n3206,55,846,v_gemv
3208,MUL_MAT,f32,1024x1x1x1,,l856;n3200,55,847,k_gemv_norm_rope
3209,RESHAPE,f32,256x4x1x1,,n3208,55,847,k_gemv_norm_rope
3210,RMS_NORM,f32,256x4x1x1,eps=9.999999975e-07,n3209,55,847,k_gemv_norm_rope
3211,MUL,f32,256x4x1x1,,n3210;l857,55,847,k_gemv_norm_rope
3212,ROPE,f32,256x4x1x1,n_dims=64 mode=IMROPE(40) n_ctx_orig=262144 freq_base=10000000 freq_scale=1 ext_factor=0 attn_factor=1 beta_fast=32 beta_slow=1 sections=[11 11 10 0],n3211;l57,55,847,k_gemv_norm_rope
3213,VIEW,f32,1024x1x1x1,offset=0,n3212,55,848,kv_append
3214,SET_ROWS,f16,1024x262144x1x1,,n3213;l61;l858,55,848,kv_append
3215,VIEW,f32,1024x1x1x1,offset=0,n3207,55,848,kv_append
3216,SET_ROWS,f16,1024x262144x1x1,,n3215;l63;l859,55,848,kv_append
3217,VIEW,f32,256x24x1x1,offset=0,n3205,55,849,fattn_prep
3218,PERMUTE,f32,256x1x24x1,axes=[0 2 1 3],n3217,55,849,fattn_prep
3219,VIEW,f16,256x4x33024x1,offset=0,l858,55,849,fattn_prep
3220,PERMUTE,f16,256x33024x4x1,axes=[0 2 1 3],n3219,55,849,fattn_prep
3221,VIEW,f16,256x4x33024x1,offset=0,l859,55,849,fattn_prep
3222,PERMUTE,f16,256x33024x4x1,axes=[0 2 1 3],n3221,55,849,fattn_prep
3223,FLASH_ATTN_EXT,f32,256x24x1x1,scale=0.0625 max_bias=0 logit_softcap=0 prec=10,n3218;n3220;n3222;n219,55,850,fattn_decode
3224,RESHAPE,f32,6144x1x1x1,,n3223,55,851,attn_gate_out
3225,VIEW,f32,256x24x1x1,offset=1024,n3201,55,851,attn_gate_out
3226,CONT,f32,6144x1x1x1,,n3225,55,851,attn_gate_out
3227,UNARY,f32,6144x1x1x1,unary=sigmoid(7),n3226,55,851,attn_gate_out
3228,MUL,f32,6144x1x1x1,,n3224;n3227,55,851,attn_gate_out
3229,MUL_MAT,f32,5120x1x1x1,,l860;n3228,55,852,o_gemv
3230,ADD,f32,5120x1x1x1,,n3229;n3198,55,853,residual_add
3231,RMS_NORM,f32,5120x1x1x1,eps=9.999999975e-07,n3230,55,854,rmsnorm
3232,MUL,f32,5120x1x1x1,,n3231;l861,55,854,rmsnorm
3233,MUL_MAT,f32,17408x1x1x1,,l862;n3232,55,855,ffn_fused
3234,MUL_MAT,f32,17408x1x1x1,,l863;n3232,55,855,ffn_fused
3235,GLU,f32,17408x1x1x1,glu=swiglu(2) swapped=0 alpha=0 limit=0,n3233;n3234,55,855,ffn_fused
3236,MUL_MAT,f32,5120x1x1x1,,l864;n3235,55,855,ffn_fused
3237,ADD,f32,5120x1x1x1,,n3236;n3230,55,856,residual_add
3238,RMS_NORM,f32,5120x1x1x1,eps=9.999999975e-07,n3237,56,857,rmsnorm
3239,MUL,f32,5120x1x1x1,,n3238;l865,56,857,rmsnorm
3240,RESHAPE,f32,30720x1x1x1,,l866,56,858,conv_state_shift
3241,VIEW,f32,0x1x1x1,offset=0,n3240,56,858,conv_state_shift
3242,SCALE,f32,0x1x1x1,scale=0 bias=0,n3241,56,858,conv_state_shift
3243,GET_ROWS,f32,30720x1x1x1,,n3240;l6,56,858,conv_state_shift
3244,GET_ROWS,f32,30720x0x1x1,,n3240;l7,56,858,conv_state_shift
3245,VIEW,f32,30720x0x1x1,offset=122880,l866,56,858,conv_state_shift
3246,CPY,f32,30720x0x1x1,,n3244;n3245,56,858,conv_state_shift
3247,RESHAPE,f32,3x10240x1x1,,n3243,56,858,conv_state_shift
3248,MUL_MAT,f32,10240x1x1x1,,l867;n3239,56,859,qkv_mmvq
3249,RESHAPE,f32,10240x1x1x1,,n3248,56,859,qkv_mmvq
3250,TRANSPOSE,f32,1x10240x1x1,,n3249,56,859,qkv_mmvq
3251,CONCAT,f32,4x10240x1x1,dim=0,n3247;n3250,56,860,conv_concat_store
3252,VIEW,f32,3x10240x1x1,offset=4,n3251,56,860,conv_concat_store
3253,VIEW,f32,30720x1x1x1,offset=0,l866,56,860,conv_concat_store
3254,CPY,f32,30720x1x1x1,,n3252;n3253,56,860,conv_concat_store
3255,RESHAPE,f32,786432x1x1x1,,l868,56,861,ssm_state_fetch
3256,VIEW,f32,0x1x1x1,offset=0,n3255,56,861,ssm_state_fetch
3257,SCALE,f32,0x1x1x1,scale=0 bias=0,n3256,56,861,ssm_state_fetch
3258,GET_ROWS,f32,786432x1x1x1,,n3255;l6,56,861,ssm_state_fetch
3259,GET_ROWS,f32,786432x0x1x1,,n3255;l7,56,861,ssm_state_fetch
3260,VIEW,f32,786432x0x1x1,offset=3145728,l868,56,861,ssm_state_fetch
3261,CPY,f32,786432x0x1x1,,n3259;n3260,56,861,ssm_state_fetch
3262,SSM_CONV,f32,10240x1x1x1,,n3251;l869,56,862,ssm_conv_silu
3263,UNARY,f32,10240x1x1x1,unary=silu(10),n3262,56,862,ssm_conv_silu
3264,VIEW,f32,128x16x1x1,offset=0,n3263,56,863,qk_l2norm
3265,L2_NORM,f32,128x16x1x1,eps=9.999999975e-07,n3264,56,863,qk_l2norm
3266,VIEW,f32,128x16x1x1,offset=8192,n3263,56,863,qk_l2norm
3267,L2_NORM,f32,128x16x1x1,eps=9.999999975e-07,n3266,56,863,qk_l2norm
3268,VIEW,f32,128x48x1x1,offset=16384,n3263,56,863,qk_l2norm
3269,MUL_MAT,f32,48x1x1x1,,l870;n3239,56,864,gdn_gates
3270,RESHAPE,f32,48x1x1x1,,n3269,56,864,gdn_gates
3271,ADD,f32,48x1x1x1,,n3270;l871,56,864,gdn_gates
3272,UNARY,f32,48x1x1x1,unary=softplus(15),n3271,56,864,gdn_gates
3273,MUL,f32,48x1x1x1,,n3272;l872,56,864,gdn_gates
3274,RESHAPE,f32,1x48x1x1,,n3273,56,864,gdn_gates
3275,MUL_MAT,f32,48x1x1x1,,l873;n3239,56,864,gdn_gates
3276,RESHAPE,f32,1x48x1x1,,n3275,56,864,gdn_gates
3277,UNARY,f32,1x48x1x1,unary=sigmoid(7),n3276,56,864,gdn_gates
3278,RESHAPE,f32,128x128x48x1,,n3258,56,861,ssm_state_fetch
3279,RESHAPE,f32,786432x1x1x1,,n3278,56,861,ssm_state_fetch
3280,GATED_DELTA_NET,f32,6144x129x1x1,,n3265;n3267;n3268;n3274;n3277;n3279,56,865,deltanet_step
3281,VIEW,f32,128x128x48x1,offset=24576,n3280,56,866,ssm_state_store
3282,VIEW,f32,786432x1x1x1,offset=0,l868,56,866,ssm_state_store
3283,CPY,f32,786432x1x1x1,,n3281;n3282,56,866,ssm_state_store
3284,VIEW,f32,128x48x1x1,offset=0,n3280,56,867,gated_out_norm
3285,RMS_NORM,f32,128x48x1x1,eps=9.999999975e-07,n3284,56,867,gated_out_norm
3286,MUL,f32,128x48x1x1,,n3285;l874,56,867,gated_out_norm
3287,MUL_MAT,f32,6144x1x1x1,,l875;n3239,56,867,gated_out_norm
3288,RESHAPE,f32,128x48x1x1,,n3287,56,867,gated_out_norm
3289,UNARY,f32,128x48x1x1,unary=silu(10),n3288,56,867,gated_out_norm
3290,MUL,f32,128x48x1x1,,n3286;n3289,56,867,gated_out_norm
3291,RESHAPE,f32,6144x1x1x1,,n3290,56,867,gated_out_norm
3292,MUL_MAT,f32,5120x1x1x1,,l876;n3291,56,868,out_proj_ar16
3293,RESHAPE,f32,5120x1x1x1,,n3292,56,868,out_proj_ar16
3294,ADD,f32,5120x1x1x1,,n3293;n3237,56,869,residual_add
3295,RMS_NORM,f32,5120x1x1x1,eps=9.999999975e-07,n3294,56,870,rmsnorm
3296,MUL,f32,5120x1x1x1,,n3295;l877,56,870,rmsnorm
3297,MUL_MAT,f32,17408x1x1x1,,l878;n3296,56,871,ffn_fused
3298,MUL_MAT,f32,17408x1x1x1,,l879;n3296,56,871,ffn_fused
3299,GLU,f32,17408x1x1x1,glu=swiglu(2) swapped=0 alpha=0 limit=0,n3297;n3298,56,871,ffn_fused
3300,MUL_MAT,f32,5120x1x1x1,,l880;n3299,56,871,ffn_fused
3301,ADD,f32,5120x1x1x1,,n3300;n3294,56,872,residual_add
3302,RMS_NORM,f32,5120x1x1x1,eps=9.999999975e-07,n3301,57,873,rmsnorm
3303,MUL,f32,5120x1x1x1,,n3302;l881,57,873,rmsnorm
3304,RESHAPE,f32,30720x1x1x1,,l882,57,874,conv_state_shift
3305,VIEW,f32,0x1x1x1,offset=0,n3304,57,874,conv_state_shift
3306,SCALE,f32,0x1x1x1,scale=0 bias=0,n3305,57,874,conv_state_shift
3307,GET_ROWS,f32,30720x1x1x1,,n3304;l6,57,874,conv_state_shift
3308,GET_ROWS,f32,30720x0x1x1,,n3304;l7,57,874,conv_state_shift
3309,VIEW,f32,30720x0x1x1,offset=122880,l882,57,874,conv_state_shift
3310,CPY,f32,30720x0x1x1,,n3308;n3309,57,874,conv_state_shift
3311,RESHAPE,f32,3x10240x1x1,,n3307,57,874,conv_state_shift
3312,MUL_MAT,f32,10240x1x1x1,,l883;n3303,57,875,qkv_mmvq
3313,RESHAPE,f32,10240x1x1x1,,n3312,57,875,qkv_mmvq
3314,TRANSPOSE,f32,1x10240x1x1,,n3313,57,875,qkv_mmvq
3315,CONCAT,f32,4x10240x1x1,dim=0,n3311;n3314,57,876,conv_concat_store
3316,VIEW,f32,3x10240x1x1,offset=4,n3315,57,876,conv_concat_store
3317,VIEW,f32,30720x1x1x1,offset=0,l882,57,876,conv_concat_store
3318,CPY,f32,30720x1x1x1,,n3316;n3317,57,876,conv_concat_store
3319,RESHAPE,f32,786432x1x1x1,,l884,57,877,ssm_state_fetch
3320,VIEW,f32,0x1x1x1,offset=0,n3319,57,877,ssm_state_fetch
3321,SCALE,f32,0x1x1x1,scale=0 bias=0,n3320,57,877,ssm_state_fetch
3322,GET_ROWS,f32,786432x1x1x1,,n3319;l6,57,877,ssm_state_fetch
3323,GET_ROWS,f32,786432x0x1x1,,n3319;l7,57,877,ssm_state_fetch
3324,VIEW,f32,786432x0x1x1,offset=3145728,l884,57,877,ssm_state_fetch
3325,CPY,f32,786432x0x1x1,,n3323;n3324,57,877,ssm_state_fetch
3326,SSM_CONV,f32,10240x1x1x1,,n3315;l885,57,878,ssm_conv_silu
3327,UNARY,f32,10240x1x1x1,unary=silu(10),n3326,57,878,ssm_conv_silu
3328,VIEW,f32,128x16x1x1,offset=0,n3327,57,879,qk_l2norm
3329,L2_NORM,f32,128x16x1x1,eps=9.999999975e-07,n3328,57,879,qk_l2norm
3330,VIEW,f32,128x16x1x1,offset=8192,n3327,57,879,qk_l2norm
3331,L2_NORM,f32,128x16x1x1,eps=9.999999975e-07,n3330,57,879,qk_l2norm
3332,VIEW,f32,128x48x1x1,offset=16384,n3327,57,879,qk_l2norm
3333,MUL_MAT,f32,48x1x1x1,,l886;n3303,57,880,gdn_gates
3334,RESHAPE,f32,48x1x1x1,,n3333,57,880,gdn_gates
3335,ADD,f32,48x1x1x1,,n3334;l887,57,880,gdn_gates
3336,UNARY,f32,48x1x1x1,unary=softplus(15),n3335,57,880,gdn_gates
3337,MUL,f32,48x1x1x1,,n3336;l888,57,880,gdn_gates
3338,RESHAPE,f32,1x48x1x1,,n3337,57,880,gdn_gates
3339,MUL_MAT,f32,48x1x1x1,,l889;n3303,57,880,gdn_gates
3340,RESHAPE,f32,1x48x1x1,,n3339,57,880,gdn_gates
3341,UNARY,f32,1x48x1x1,unary=sigmoid(7),n3340,57,880,gdn_gates
3342,RESHAPE,f32,128x128x48x1,,n3322,57,877,ssm_state_fetch
3343,RESHAPE,f32,786432x1x1x1,,n3342,57,877,ssm_state_fetch
3344,GATED_DELTA_NET,f32,6144x129x1x1,,n3329;n3331;n3332;n3338;n3341;n3343,57,881,deltanet_step
3345,VIEW,f32,128x128x48x1,offset=24576,n3344,57,882,ssm_state_store
3346,VIEW,f32,786432x1x1x1,offset=0,l884,57,882,ssm_state_store
3347,CPY,f32,786432x1x1x1,,n3345;n3346,57,882,ssm_state_store
3348,VIEW,f32,128x48x1x1,offset=0,n3344,57,883,gated_out_norm
3349,RMS_NORM,f32,128x48x1x1,eps=9.999999975e-07,n3348,57,883,gated_out_norm
3350,MUL,f32,128x48x1x1,,n3349;l890,57,883,gated_out_norm
3351,MUL_MAT,f32,6144x1x1x1,,l891;n3303,57,883,gated_out_norm
3352,RESHAPE,f32,128x48x1x1,,n3351,57,883,gated_out_norm
3353,UNARY,f32,128x48x1x1,unary=silu(10),n3352,57,883,gated_out_norm
3354,MUL,f32,128x48x1x1,,n3350;n3353,57,883,gated_out_norm
3355,RESHAPE,f32,6144x1x1x1,,n3354,57,883,gated_out_norm
3356,MUL_MAT,f32,5120x1x1x1,,l892;n3355,57,884,out_proj_ar16
3357,RESHAPE,f32,5120x1x1x1,,n3356,57,884,out_proj_ar16
3358,ADD,f32,5120x1x1x1,,n3357;n3301,57,885,residual_add
3359,RMS_NORM,f32,5120x1x1x1,eps=9.999999975e-07,n3358,57,886,rmsnorm
3360,MUL,f32,5120x1x1x1,,n3359;l893,57,886,rmsnorm
3361,MUL_MAT,f32,17408x1x1x1,,l894;n3360,57,887,ffn_fused
3362,MUL_MAT,f32,17408x1x1x1,,l895;n3360,57,887,ffn_fused
3363,GLU,f32,17408x1x1x1,glu=swiglu(2) swapped=0 alpha=0 limit=0,n3361;n3362,57,887,ffn_fused
3364,MUL_MAT,f32,5120x1x1x1,,l896;n3363,57,887,ffn_fused
3365,ADD,f32,5120x1x1x1,,n3364;n3358,57,888,residual_add
3366,RMS_NORM,f32,5120x1x1x1,eps=9.999999975e-07,n3365,58,889,rmsnorm
3367,MUL,f32,5120x1x1x1,,n3366;l897,58,889,rmsnorm
3368,RESHAPE,f32,30720x1x1x1,,l898,58,890,conv_state_shift
3369,VIEW,f32,0x1x1x1,offset=0,n3368,58,890,conv_state_shift
3370,SCALE,f32,0x1x1x1,scale=0 bias=0,n3369,58,890,conv_state_shift
3371,GET_ROWS,f32,30720x1x1x1,,n3368;l6,58,890,conv_state_shift
3372,GET_ROWS,f32,30720x0x1x1,,n3368;l7,58,890,conv_state_shift
3373,VIEW,f32,30720x0x1x1,offset=122880,l898,58,890,conv_state_shift
3374,CPY,f32,30720x0x1x1,,n3372;n3373,58,890,conv_state_shift
3375,RESHAPE,f32,3x10240x1x1,,n3371,58,890,conv_state_shift
3376,MUL_MAT,f32,10240x1x1x1,,l899;n3367,58,891,qkv_mmvq
3377,RESHAPE,f32,10240x1x1x1,,n3376,58,891,qkv_mmvq
3378,TRANSPOSE,f32,1x10240x1x1,,n3377,58,891,qkv_mmvq
3379,CONCAT,f32,4x10240x1x1,dim=0,n3375;n3378,58,892,conv_concat_store
3380,VIEW,f32,3x10240x1x1,offset=4,n3379,58,892,conv_concat_store
3381,VIEW,f32,30720x1x1x1,offset=0,l898,58,892,conv_concat_store
3382,CPY,f32,30720x1x1x1,,n3380;n3381,58,892,conv_concat_store
3383,RESHAPE,f32,786432x1x1x1,,l900,58,893,ssm_state_fetch
3384,VIEW,f32,0x1x1x1,offset=0,n3383,58,893,ssm_state_fetch
3385,SCALE,f32,0x1x1x1,scale=0 bias=0,n3384,58,893,ssm_state_fetch
3386,GET_ROWS,f32,786432x1x1x1,,n3383;l6,58,893,ssm_state_fetch
3387,GET_ROWS,f32,786432x0x1x1,,n3383;l7,58,893,ssm_state_fetch
3388,VIEW,f32,786432x0x1x1,offset=3145728,l900,58,893,ssm_state_fetch
3389,CPY,f32,786432x0x1x1,,n3387;n3388,58,893,ssm_state_fetch
3390,SSM_CONV,f32,10240x1x1x1,,n3379;l901,58,894,ssm_conv_silu
3391,UNARY,f32,10240x1x1x1,unary=silu(10),n3390,58,894,ssm_conv_silu
3392,VIEW,f32,128x16x1x1,offset=0,n3391,58,895,qk_l2norm
3393,L2_NORM,f32,128x16x1x1,eps=9.999999975e-07,n3392,58,895,qk_l2norm
3394,VIEW,f32,128x16x1x1,offset=8192,n3391,58,895,qk_l2norm
3395,L2_NORM,f32,128x16x1x1,eps=9.999999975e-07,n3394,58,895,qk_l2norm
3396,VIEW,f32,128x48x1x1,offset=16384,n3391,58,895,qk_l2norm
3397,MUL_MAT,f32,48x1x1x1,,l902;n3367,58,896,gdn_gates
3398,RESHAPE,f32,48x1x1x1,,n3397,58,896,gdn_gates
3399,ADD,f32,48x1x1x1,,n3398;l903,58,896,gdn_gates
3400,UNARY,f32,48x1x1x1,unary=softplus(15),n3399,58,896,gdn_gates
3401,MUL,f32,48x1x1x1,,n3400;l904,58,896,gdn_gates
3402,RESHAPE,f32,1x48x1x1,,n3401,58,896,gdn_gates
3403,MUL_MAT,f32,48x1x1x1,,l905;n3367,58,896,gdn_gates
3404,RESHAPE,f32,1x48x1x1,,n3403,58,896,gdn_gates
3405,UNARY,f32,1x48x1x1,unary=sigmoid(7),n3404,58,896,gdn_gates
3406,RESHAPE,f32,128x128x48x1,,n3386,58,893,ssm_state_fetch
3407,RESHAPE,f32,786432x1x1x1,,n3406,58,893,ssm_state_fetch
3408,GATED_DELTA_NET,f32,6144x129x1x1,,n3393;n3395;n3396;n3402;n3405;n3407,58,897,deltanet_step
3409,VIEW,f32,128x128x48x1,offset=24576,n3408,58,898,ssm_state_store
3410,VIEW,f32,786432x1x1x1,offset=0,l900,58,898,ssm_state_store
3411,CPY,f32,786432x1x1x1,,n3409;n3410,58,898,ssm_state_store
3412,VIEW,f32,128x48x1x1,offset=0,n3408,58,899,gated_out_norm
3413,RMS_NORM,f32,128x48x1x1,eps=9.999999975e-07,n3412,58,899,gated_out_norm
3414,MUL,f32,128x48x1x1,,n3413;l906,58,899,gated_out_norm
3415,MUL_MAT,f32,6144x1x1x1,,l907;n3367,58,899,gated_out_norm
3416,RESHAPE,f32,128x48x1x1,,n3415,58,899,gated_out_norm
3417,UNARY,f32,128x48x1x1,unary=silu(10),n3416,58,899,gated_out_norm
3418,MUL,f32,128x48x1x1,,n3414;n3417,58,899,gated_out_norm
3419,RESHAPE,f32,6144x1x1x1,,n3418,58,899,gated_out_norm
3420,MUL_MAT,f32,5120x1x1x1,,l908;n3419,58,900,out_proj_ar16
3421,RESHAPE,f32,5120x1x1x1,,n3420,58,900,out_proj_ar16
3422,ADD,f32,5120x1x1x1,,n3421;n3365,58,901,residual_add
3423,RMS_NORM,f32,5120x1x1x1,eps=9.999999975e-07,n3422,58,902,rmsnorm
3424,MUL,f32,5120x1x1x1,,n3423;l909,58,902,rmsnorm
3425,MUL_MAT,f32,17408x1x1x1,,l910;n3424,58,903,ffn_fused
3426,MUL_MAT,f32,17408x1x1x1,,l911;n3424,58,903,ffn_fused
3427,GLU,f32,17408x1x1x1,glu=swiglu(2) swapped=0 alpha=0 limit=0,n3425;n3426,58,903,ffn_fused
3428,MUL_MAT,f32,5120x1x1x1,,l912;n3427,58,903,ffn_fused
3429,ADD,f32,5120x1x1x1,,n3428;n3422,58,904,residual_add
3430,RMS_NORM,f32,5120x1x1x1,eps=9.999999975e-07,n3429,59,905,rmsnorm
3431,MUL,f32,5120x1x1x1,,n3430;l913,59,905,rmsnorm
3432,MUL_MAT,f32,12288x1x1x1,,l914;n3431,59,906,q_gemv_norm_rope
3433,VIEW,f32,256x24x1x1,offset=0,n3432,59,906,q_gemv_norm_rope
3434,RMS_NORM,f32,256x24x1x1,eps=9.999999975e-07,n3433,59,906,q_gemv_norm_rope
3435,MUL,f32,256x24x1x1,,n3434;l915,59,906,q_gemv_norm_rope
3436,ROPE,f32,256x24x1x1,n_dims=64 mode=IMROPE(40) n_ctx_orig=262144 freq_base=10000000 freq_scale=1 ext_factor=0 attn_factor=1 beta_fast=32 beta_slow=1 sections=[11 11 10 0],n3435;l57,59,906,q_gemv_norm_rope
3437,MUL_MAT,f32,1024x1x1x1,,l916;n3431,59,907,v_gemv
3438,RESHAPE,f32,256x4x1x1,,n3437,59,907,v_gemv
3439,MUL_MAT,f32,1024x1x1x1,,l917;n3431,59,908,k_gemv_norm_rope
3440,RESHAPE,f32,256x4x1x1,,n3439,59,908,k_gemv_norm_rope
3441,RMS_NORM,f32,256x4x1x1,eps=9.999999975e-07,n3440,59,908,k_gemv_norm_rope
3442,MUL,f32,256x4x1x1,,n3441;l918,59,908,k_gemv_norm_rope
3443,ROPE,f32,256x4x1x1,n_dims=64 mode=IMROPE(40) n_ctx_orig=262144 freq_base=10000000 freq_scale=1 ext_factor=0 attn_factor=1 beta_fast=32 beta_slow=1 sections=[11 11 10 0],n3442;l57,59,908,k_gemv_norm_rope
3444,VIEW,f32,1024x1x1x1,offset=0,n3443,59,909,kv_append
3445,SET_ROWS,f16,1024x262144x1x1,,n3444;l61;l919,59,909,kv_append
3446,VIEW,f32,1024x1x1x1,offset=0,n3438,59,909,kv_append
3447,SET_ROWS,f16,1024x262144x1x1,,n3446;l63;l920,59,909,kv_append
3448,VIEW,f32,256x24x1x1,offset=0,n3436,59,910,fattn_prep
3449,PERMUTE,f32,256x1x24x1,axes=[0 2 1 3],n3448,59,910,fattn_prep
3450,VIEW,f16,256x4x33024x1,offset=0,l919,59,910,fattn_prep
3451,PERMUTE,f16,256x33024x4x1,axes=[0 2 1 3],n3450,59,910,fattn_prep
3452,VIEW,f16,256x4x33024x1,offset=0,l920,59,910,fattn_prep
3453,PERMUTE,f16,256x33024x4x1,axes=[0 2 1 3],n3452,59,910,fattn_prep
3454,FLASH_ATTN_EXT,f32,256x24x1x1,scale=0.0625 max_bias=0 logit_softcap=0 prec=10,n3449;n3451;n3453;n219,59,911,fattn_decode
3455,RESHAPE,f32,6144x1x1x1,,n3454,59,912,attn_gate_out
3456,VIEW,f32,256x24x1x1,offset=1024,n3432,59,912,attn_gate_out
3457,CONT,f32,6144x1x1x1,,n3456,59,912,attn_gate_out
3458,UNARY,f32,6144x1x1x1,unary=sigmoid(7),n3457,59,912,attn_gate_out
3459,MUL,f32,6144x1x1x1,,n3455;n3458,59,912,attn_gate_out
3460,MUL_MAT,f32,5120x1x1x1,,l921;n3459,59,913,o_gemv
3461,ADD,f32,5120x1x1x1,,n3460;n3429,59,914,residual_add
3462,RMS_NORM,f32,5120x1x1x1,eps=9.999999975e-07,n3461,59,915,rmsnorm
3463,MUL,f32,5120x1x1x1,,n3462;l922,59,915,rmsnorm
3464,MUL_MAT,f32,17408x1x1x1,,l923;n3463,59,916,ffn_fused
3465,MUL_MAT,f32,17408x1x1x1,,l924;n3463,59,916,ffn_fused
3466,GLU,f32,17408x1x1x1,glu=swiglu(2) swapped=0 alpha=0 limit=0,n3464;n3465,59,916,ffn_fused
3467,MUL_MAT,f32,5120x1x1x1,,l925;n3466,59,916,ffn_fused
3468,ADD,f32,5120x1x1x1,,n3467;n3461,59,917,residual_add
3469,RMS_NORM,f32,5120x1x1x1,eps=9.999999975e-07,n3468,60,918,rmsnorm
3470,MUL,f32,5120x1x1x1,,n3469;l926,60,918,rmsnorm
3471,RESHAPE,f32,30720x1x1x1,,l927,60,919,conv_state_shift
3472,VIEW,f32,0x1x1x1,offset=0,n3471,60,919,conv_state_shift
3473,SCALE,f32,0x1x1x1,scale=0 bias=0,n3472,60,919,conv_state_shift
3474,GET_ROWS,f32,30720x1x1x1,,n3471;l6,60,919,conv_state_shift
3475,GET_ROWS,f32,30720x0x1x1,,n3471;l7,60,919,conv_state_shift
3476,VIEW,f32,30720x0x1x1,offset=122880,l927,60,919,conv_state_shift
3477,CPY,f32,30720x0x1x1,,n3475;n3476,60,919,conv_state_shift
3478,RESHAPE,f32,3x10240x1x1,,n3474,60,919,conv_state_shift
3479,MUL_MAT,f32,10240x1x1x1,,l928;n3470,60,920,qkv_mmvq
3480,RESHAPE,f32,10240x1x1x1,,n3479,60,920,qkv_mmvq
3481,TRANSPOSE,f32,1x10240x1x1,,n3480,60,920,qkv_mmvq
3482,CONCAT,f32,4x10240x1x1,dim=0,n3478;n3481,60,921,conv_concat_store
3483,VIEW,f32,3x10240x1x1,offset=4,n3482,60,921,conv_concat_store
3484,VIEW,f32,30720x1x1x1,offset=0,l927,60,921,conv_concat_store
3485,CPY,f32,30720x1x1x1,,n3483;n3484,60,921,conv_concat_store
3486,RESHAPE,f32,786432x1x1x1,,l929,60,922,ssm_state_fetch
3487,VIEW,f32,0x1x1x1,offset=0,n3486,60,922,ssm_state_fetch
3488,SCALE,f32,0x1x1x1,scale=0 bias=0,n3487,60,922,ssm_state_fetch
3489,GET_ROWS,f32,786432x1x1x1,,n3486;l6,60,922,ssm_state_fetch
3490,GET_ROWS,f32,786432x0x1x1,,n3486;l7,60,922,ssm_state_fetch
3491,VIEW,f32,786432x0x1x1,offset=3145728,l929,60,922,ssm_state_fetch
3492,CPY,f32,786432x0x1x1,,n3490;n3491,60,922,ssm_state_fetch
3493,SSM_CONV,f32,10240x1x1x1,,n3482;l930,60,923,ssm_conv_silu
3494,UNARY,f32,10240x1x1x1,unary=silu(10),n3493,60,923,ssm_conv_silu
3495,VIEW,f32,128x16x1x1,offset=0,n3494,60,924,qk_l2norm
3496,L2_NORM,f32,128x16x1x1,eps=9.999999975e-07,n3495,60,924,qk_l2norm
3497,VIEW,f32,128x16x1x1,offset=8192,n3494,60,924,qk_l2norm
3498,L2_NORM,f32,128x16x1x1,eps=9.999999975e-07,n3497,60,924,qk_l2norm
3499,VIEW,f32,128x48x1x1,offset=16384,n3494,60,924,qk_l2norm
3500,MUL_MAT,f32,48x1x1x1,,l931;n3470,60,925,gdn_gates
3501,RESHAPE,f32,48x1x1x1,,n3500,60,925,gdn_gates
3502,ADD,f32,48x1x1x1,,n3501;l932,60,925,gdn_gates
3503,UNARY,f32,48x1x1x1,unary=softplus(15),n3502,60,925,gdn_gates
3504,MUL,f32,48x1x1x1,,n3503;l933,60,925,gdn_gates
3505,RESHAPE,f32,1x48x1x1,,n3504,60,925,gdn_gates
3506,MUL_MAT,f32,48x1x1x1,,l934;n3470,60,925,gdn_gates
3507,RESHAPE,f32,1x48x1x1,,n3506,60,925,gdn_gates
3508,UNARY,f32,1x48x1x1,unary=sigmoid(7),n3507,60,925,gdn_gates
3509,RESHAPE,f32,128x128x48x1,,n3489,60,922,ssm_state_fetch
3510,RESHAPE,f32,786432x1x1x1,,n3509,60,922,ssm_state_fetch
3511,GATED_DELTA_NET,f32,6144x129x1x1,,n3496;n3498;n3499;n3505;n3508;n3510,60,926,deltanet_step
3512,VIEW,f32,128x128x48x1,offset=24576,n3511,60,927,ssm_state_store
3513,VIEW,f32,786432x1x1x1,offset=0,l929,60,927,ssm_state_store
3514,CPY,f32,786432x1x1x1,,n3512;n3513,60,927,ssm_state_store
3515,VIEW,f32,128x48x1x1,offset=0,n3511,60,928,gated_out_norm
3516,RMS_NORM,f32,128x48x1x1,eps=9.999999975e-07,n3515,60,928,gated_out_norm
3517,MUL,f32,128x48x1x1,,n3516;l935,60,928,gated_out_norm
3518,MUL_MAT,f32,6144x1x1x1,,l936;n3470,60,928,gated_out_norm
3519,RESHAPE,f32,128x48x1x1,,n3518,60,928,gated_out_norm
3520,UNARY,f32,128x48x1x1,unary=silu(10),n3519,60,928,gated_out_norm
3521,MUL,f32,128x48x1x1,,n3517;n3520,60,928,gated_out_norm
3522,RESHAPE,f32,6144x1x1x1,,n3521,60,928,gated_out_norm
3523,MUL_MAT,f32,5120x1x1x1,,l937;n3522,60,929,out_proj_ar16
3524,RESHAPE,f32,5120x1x1x1,,n3523,60,929,out_proj_ar16
3525,ADD,f32,5120x1x1x1,,n3524;n3468,60,930,residual_add
3526,RMS_NORM,f32,5120x1x1x1,eps=9.999999975e-07,n3525,60,931,rmsnorm
3527,MUL,f32,5120x1x1x1,,n3526;l938,60,931,rmsnorm
3528,MUL_MAT,f32,17408x1x1x1,,l939;n3527,60,932,ffn_fused
3529,MUL_MAT,f32,17408x1x1x1,,l940;n3527,60,932,ffn_fused
3530,GLU,f32,17408x1x1x1,glu=swiglu(2) swapped=0 alpha=0 limit=0,n3528;n3529,60,932,ffn_fused
3531,MUL_MAT,f32,5120x1x1x1,,l941;n3530,60,932,ffn_fused
3532,ADD,f32,5120x1x1x1,,n3531;n3525,60,933,residual_add
3533,RMS_NORM,f32,5120x1x1x1,eps=9.999999975e-07,n3532,61,934,rmsnorm
3534,MUL,f32,5120x1x1x1,,n3533;l942,61,934,rmsnorm
3535,RESHAPE,f32,30720x1x1x1,,l943,61,935,conv_state_shift
3536,VIEW,f32,0x1x1x1,offset=0,n3535,61,935,conv_state_shift
3537,SCALE,f32,0x1x1x1,scale=0 bias=0,n3536,61,935,conv_state_shift
3538,GET_ROWS,f32,30720x1x1x1,,n3535;l6,61,935,conv_state_shift
3539,GET_ROWS,f32,30720x0x1x1,,n3535;l7,61,935,conv_state_shift
3540,VIEW,f32,30720x0x1x1,offset=122880,l943,61,935,conv_state_shift
3541,CPY,f32,30720x0x1x1,,n3539;n3540,61,935,conv_state_shift
3542,RESHAPE,f32,3x10240x1x1,,n3538,61,935,conv_state_shift
3543,MUL_MAT,f32,10240x1x1x1,,l944;n3534,61,936,qkv_mmvq
3544,RESHAPE,f32,10240x1x1x1,,n3543,61,936,qkv_mmvq
3545,TRANSPOSE,f32,1x10240x1x1,,n3544,61,936,qkv_mmvq
3546,CONCAT,f32,4x10240x1x1,dim=0,n3542;n3545,61,937,conv_concat_store
3547,VIEW,f32,3x10240x1x1,offset=4,n3546,61,937,conv_concat_store
3548,VIEW,f32,30720x1x1x1,offset=0,l943,61,937,conv_concat_store
3549,CPY,f32,30720x1x1x1,,n3547;n3548,61,937,conv_concat_store
3550,RESHAPE,f32,786432x1x1x1,,l945,61,938,ssm_state_fetch
3551,VIEW,f32,0x1x1x1,offset=0,n3550,61,938,ssm_state_fetch
3552,SCALE,f32,0x1x1x1,scale=0 bias=0,n3551,61,938,ssm_state_fetch
3553,GET_ROWS,f32,786432x1x1x1,,n3550;l6,61,938,ssm_state_fetch
3554,GET_ROWS,f32,786432x0x1x1,,n3550;l7,61,938,ssm_state_fetch
3555,VIEW,f32,786432x0x1x1,offset=3145728,l945,61,938,ssm_state_fetch
3556,CPY,f32,786432x0x1x1,,n3554;n3555,61,938,ssm_state_fetch
3557,SSM_CONV,f32,10240x1x1x1,,n3546;l946,61,939,ssm_conv_silu
3558,UNARY,f32,10240x1x1x1,unary=silu(10),n3557,61,939,ssm_conv_silu
3559,VIEW,f32,128x16x1x1,offset=0,n3558,61,940,qk_l2norm
3560,L2_NORM,f32,128x16x1x1,eps=9.999999975e-07,n3559,61,940,qk_l2norm
3561,VIEW,f32,128x16x1x1,offset=8192,n3558,61,940,qk_l2norm
3562,L2_NORM,f32,128x16x1x1,eps=9.999999975e-07,n3561,61,940,qk_l2norm
3563,VIEW,f32,128x48x1x1,offset=16384,n3558,61,940,qk_l2norm
3564,MUL_MAT,f32,48x1x1x1,,l947;n3534,61,941,gdn_gates
3565,RESHAPE,f32,48x1x1x1,,n3564,61,941,gdn_gates
3566,ADD,f32,48x1x1x1,,n3565;l948,61,941,gdn_gates
3567,UNARY,f32,48x1x1x1,unary=softplus(15),n3566,61,941,gdn_gates
3568,MUL,f32,48x1x1x1,,n3567;l949,61,941,gdn_gates
3569,RESHAPE,f32,1x48x1x1,,n3568,61,941,gdn_gates
3570,MUL_MAT,f32,48x1x1x1,,l950;n3534,61,941,gdn_gates
3571,RESHAPE,f32,1x48x1x1,,n3570,61,941,gdn_gates
3572,UNARY,f32,1x48x1x1,unary=sigmoid(7),n3571,61,941,gdn_gates
3573,RESHAPE,f32,128x128x48x1,,n3553,61,938,ssm_state_fetch
3574,RESHAPE,f32,786432x1x1x1,,n3573,61,938,ssm_state_fetch
3575,GATED_DELTA_NET,f32,6144x129x1x1,,n3560;n3562;n3563;n3569;n3572;n3574,61,942,deltanet_step
3576,VIEW,f32,128x128x48x1,offset=24576,n3575,61,943,ssm_state_store
3577,VIEW,f32,786432x1x1x1,offset=0,l945,61,943,ssm_state_store
3578,CPY,f32,786432x1x1x1,,n3576;n3577,61,943,ssm_state_store
3579,VIEW,f32,128x48x1x1,offset=0,n3575,61,944,gated_out_norm
3580,RMS_NORM,f32,128x48x1x1,eps=9.999999975e-07,n3579,61,944,gated_out_norm
3581,MUL,f32,128x48x1x1,,n3580;l951,61,944,gated_out_norm
3582,MUL_MAT,f32,6144x1x1x1,,l952;n3534,61,944,gated_out_norm
3583,RESHAPE,f32,128x48x1x1,,n3582,61,944,gated_out_norm
3584,UNARY,f32,128x48x1x1,unary=silu(10),n3583,61,944,gated_out_norm
3585,MUL,f32,128x48x1x1,,n3581;n3584,61,944,gated_out_norm
3586,RESHAPE,f32,6144x1x1x1,,n3585,61,944,gated_out_norm
3587,MUL_MAT,f32,5120x1x1x1,,l953;n3586,61,945,out_proj_ar16
3588,RESHAPE,f32,5120x1x1x1,,n3587,61,945,out_proj_ar16
3589,ADD,f32,5120x1x1x1,,n3588;n3532,61,946,residual_add
3590,RMS_NORM,f32,5120x1x1x1,eps=9.999999975e-07,n3589,61,947,rmsnorm
3591,MUL,f32,5120x1x1x1,,n3590;l954,61,947,rmsnorm
3592,MUL_MAT,f32,17408x1x1x1,,l955;n3591,61,948,ffn_fused
3593,MUL_MAT,f32,17408x1x1x1,,l956;n3591,61,948,ffn_fused
3594,GLU,f32,17408x1x1x1,glu=swiglu(2) swapped=0 alpha=0 limit=0,n3592;n3593,61,948,ffn_fused
3595,MUL_MAT,f32,5120x1x1x1,,l957;n3594,61,948,ffn_fused
3596,ADD,f32,5120x1x1x1,,n3595;n3589,61,949,residual_add
3597,RMS_NORM,f32,5120x1x1x1,eps=9.999999975e-07,n3596,62,950,rmsnorm
3598,MUL,f32,5120x1x1x1,,n3597;l958,62,950,rmsnorm
3599,RESHAPE,f32,30720x1x1x1,,l959,62,951,conv_state_shift
3600,VIEW,f32,0x1x1x1,offset=0,n3599,62,951,conv_state_shift
3601,SCALE,f32,0x1x1x1,scale=0 bias=0,n3600,62,951,conv_state_shift
3602,GET_ROWS,f32,30720x1x1x1,,n3599;l6,62,951,conv_state_shift
3603,GET_ROWS,f32,30720x0x1x1,,n3599;l7,62,951,conv_state_shift
3604,VIEW,f32,30720x0x1x1,offset=122880,l959,62,951,conv_state_shift
3605,CPY,f32,30720x0x1x1,,n3603;n3604,62,951,conv_state_shift
3606,RESHAPE,f32,3x10240x1x1,,n3602,62,951,conv_state_shift
3607,MUL_MAT,f32,10240x1x1x1,,l960;n3598,62,952,qkv_mmvq
3608,RESHAPE,f32,10240x1x1x1,,n3607,62,952,qkv_mmvq
3609,TRANSPOSE,f32,1x10240x1x1,,n3608,62,952,qkv_mmvq
3610,CONCAT,f32,4x10240x1x1,dim=0,n3606;n3609,62,953,conv_concat_store
3611,VIEW,f32,3x10240x1x1,offset=4,n3610,62,953,conv_concat_store
3612,VIEW,f32,30720x1x1x1,offset=0,l959,62,953,conv_concat_store
3613,CPY,f32,30720x1x1x1,,n3611;n3612,62,953,conv_concat_store
3614,RESHAPE,f32,786432x1x1x1,,l961,62,954,ssm_state_fetch
3615,VIEW,f32,0x1x1x1,offset=0,n3614,62,954,ssm_state_fetch
3616,SCALE,f32,0x1x1x1,scale=0 bias=0,n3615,62,954,ssm_state_fetch
3617,GET_ROWS,f32,786432x1x1x1,,n3614;l6,62,954,ssm_state_fetch
3618,GET_ROWS,f32,786432x0x1x1,,n3614;l7,62,954,ssm_state_fetch
3619,VIEW,f32,786432x0x1x1,offset=3145728,l961,62,954,ssm_state_fetch
3620,CPY,f32,786432x0x1x1,,n3618;n3619,62,954,ssm_state_fetch
3621,SSM_CONV,f32,10240x1x1x1,,n3610;l962,62,955,ssm_conv_silu
3622,UNARY,f32,10240x1x1x1,unary=silu(10),n3621,62,955,ssm_conv_silu
3623,VIEW,f32,128x16x1x1,offset=0,n3622,62,956,qk_l2norm
3624,L2_NORM,f32,128x16x1x1,eps=9.999999975e-07,n3623,62,956,qk_l2norm
3625,VIEW,f32,128x16x1x1,offset=8192,n3622,62,956,qk_l2norm
3626,L2_NORM,f32,128x16x1x1,eps=9.999999975e-07,n3625,62,956,qk_l2norm
3627,VIEW,f32,128x48x1x1,offset=16384,n3622,62,956,qk_l2norm
3628,MUL_MAT,f32,48x1x1x1,,l963;n3598,62,957,gdn_gates
3629,RESHAPE,f32,48x1x1x1,,n3628,62,957,gdn_gates
3630,ADD,f32,48x1x1x1,,n3629;l964,62,957,gdn_gates
3631,UNARY,f32,48x1x1x1,unary=softplus(15),n3630,62,957,gdn_gates
3632,MUL,f32,48x1x1x1,,n3631;l965,62,957,gdn_gates
3633,RESHAPE,f32,1x48x1x1,,n3632,62,957,gdn_gates
3634,MUL_MAT,f32,48x1x1x1,,l966;n3598,62,957,gdn_gates
3635,RESHAPE,f32,1x48x1x1,,n3634,62,957,gdn_gates
3636,UNARY,f32,1x48x1x1,unary=sigmoid(7),n3635,62,957,gdn_gates
3637,RESHAPE,f32,128x128x48x1,,n3617,62,954,ssm_state_fetch
3638,RESHAPE,f32,786432x1x1x1,,n3637,62,954,ssm_state_fetch
3639,GATED_DELTA_NET,f32,6144x129x1x1,,n3624;n3626;n3627;n3633;n3636;n3638,62,958,deltanet_step
3640,VIEW,f32,128x128x48x1,offset=24576,n3639,62,959,ssm_state_store
3641,VIEW,f32,786432x1x1x1,offset=0,l961,62,959,ssm_state_store
3642,CPY,f32,786432x1x1x1,,n3640;n3641,62,959,ssm_state_store
3643,VIEW,f32,128x48x1x1,offset=0,n3639,62,960,gated_out_norm
3644,RMS_NORM,f32,128x48x1x1,eps=9.999999975e-07,n3643,62,960,gated_out_norm
3645,MUL,f32,128x48x1x1,,n3644;l967,62,960,gated_out_norm
3646,MUL_MAT,f32,6144x1x1x1,,l968;n3598,62,960,gated_out_norm
3647,RESHAPE,f32,128x48x1x1,,n3646,62,960,gated_out_norm
3648,UNARY,f32,128x48x1x1,unary=silu(10),n3647,62,960,gated_out_norm
3649,MUL,f32,128x48x1x1,,n3645;n3648,62,960,gated_out_norm
3650,RESHAPE,f32,6144x1x1x1,,n3649,62,960,gated_out_norm
3651,MUL_MAT,f32,5120x1x1x1,,l969;n3650,62,961,out_proj_ar16
3652,RESHAPE,f32,5120x1x1x1,,n3651,62,961,out_proj_ar16
3653,ADD,f32,5120x1x1x1,,n3652;n3596,62,962,residual_add
3654,RMS_NORM,f32,5120x1x1x1,eps=9.999999975e-07,n3653,62,963,rmsnorm
3655,MUL,f32,5120x1x1x1,,n3654;l970,62,963,rmsnorm
3656,MUL_MAT,f32,17408x1x1x1,,l971;n3655,62,964,ffn_fused
3657,MUL_MAT,f32,17408x1x1x1,,l972;n3655,62,964,ffn_fused
3658,GLU,f32,17408x1x1x1,glu=swiglu(2) swapped=0 alpha=0 limit=0,n3656;n3657,62,964,ffn_fused
3659,MUL_MAT,f32,5120x1x1x1,,l973;n3658,62,964,ffn_fused
3660,ADD,f32,5120x1x1x1,,n3659;n3653,62,965,residual_add
3661,RMS_NORM,f32,5120x1x1x1,eps=9.999999975e-07,n3660,63,966,rmsnorm
3662,MUL,f32,5120x1x1x1,,n3661;l974,63,966,rmsnorm
3663,MUL_MAT,f32,12288x1x1x1,,l975;n3662,63,967,q_gemv_norm_rope
3664,VIEW,f32,256x24x1x1,offset=0,n3663,63,967,q_gemv_norm_rope
3665,RMS_NORM,f32,256x24x1x1,eps=9.999999975e-07,n3664,63,967,q_gemv_norm_rope
3666,MUL,f32,256x24x1x1,,n3665;l976,63,967,q_gemv_norm_rope
3667,ROPE,f32,256x24x1x1,n_dims=64 mode=IMROPE(40) n_ctx_orig=262144 freq_base=10000000 freq_scale=1 ext_factor=0 attn_factor=1 beta_fast=32 beta_slow=1 sections=[11 11 10 0],n3666;l57,63,967,q_gemv_norm_rope
3668,MUL_MAT,f32,1024x1x1x1,,l977;n3662,63,968,v_gemv
3669,RESHAPE,f32,256x4x1x1,,n3668,63,968,v_gemv
3670,MUL_MAT,f32,1024x1x1x1,,l978;n3662,63,969,k_gemv_norm_rope
3671,RESHAPE,f32,256x4x1x1,,n3670,63,969,k_gemv_norm_rope
3672,RMS_NORM,f32,256x4x1x1,eps=9.999999975e-07,n3671,63,969,k_gemv_norm_rope
3673,MUL,f32,256x4x1x1,,n3672;l979,63,969,k_gemv_norm_rope
3674,ROPE,f32,256x4x1x1,n_dims=64 mode=IMROPE(40) n_ctx_orig=262144 freq_base=10000000 freq_scale=1 ext_factor=0 attn_factor=1 beta_fast=32 beta_slow=1 sections=[11 11 10 0],n3673;l57,63,969,k_gemv_norm_rope
3675,VIEW,f32,1024x1x1x1,offset=0,n3674,63,970,kv_append
3676,SET_ROWS,f16,1024x262144x1x1,,n3675;l61;l980,63,970,kv_append
3677,VIEW,f32,1024x1x1x1,offset=0,n3669,63,970,kv_append
3678,SET_ROWS,f16,1024x262144x1x1,,n3677;l63;l981,63,970,kv_append
3679,VIEW,f32,256x24x1x1,offset=0,n3667,63,971,fattn_prep
3680,PERMUTE,f32,256x1x24x1,axes=[0 2 1 3],n3679,63,971,fattn_prep
3681,VIEW,f16,256x4x33024x1,offset=0,l980,63,971,fattn_prep
3682,PERMUTE,f16,256x33024x4x1,axes=[0 2 1 3],n3681,63,971,fattn_prep
3683,VIEW,f16,256x4x33024x1,offset=0,l981,63,971,fattn_prep
3684,PERMUTE,f16,256x33024x4x1,axes=[0 2 1 3],n3683,63,971,fattn_prep
3685,FLASH_ATTN_EXT,f32,256x24x1x1,scale=0.0625 max_bias=0 logit_softcap=0 prec=10,n3680;n3682;n3684;n219,63,972,fattn_decode
3686,RESHAPE,f32,6144x1x1x1,,n3685,63,973,attn_gate_out
3687,VIEW,f32,256x24x1x1,offset=1024,n3663,63,973,attn_gate_out
3688,CONT,f32,6144x1x1x1,,n3687,63,973,attn_gate_out
3689,UNARY,f32,6144x1x1x1,unary=sigmoid(7),n3688,63,973,attn_gate_out
3690,MUL,f32,6144x1x1x1,,n3686;n3689,63,973,attn_gate_out
3691,MUL_MAT,f32,5120x1x1x1,,l982;n3690,63,974,o_gemv
3692,ADD,f32,5120x1x1x1,,n3691;n3660,63,975,residual_add
3693,RMS_NORM,f32,5120x1x1x1,eps=9.999999975e-07,n3692,63,976,rmsnorm
3694,MUL,f32,5120x1x1x1,,n3693;l983,63,976,rmsnorm
3695,MUL_MAT,f32,17408x1x1x1,,l984;n3694,63,977,ffn_fused
3696,MUL_MAT,f32,17408x1x1x1,,l985;n3694,63,977,ffn_fused
3697,GLU,f32,17408x1x1x1,glu=swiglu(2) swapped=0 alpha=0 limit=0,n3695;n3696,63,977,ffn_fused
3698,MUL_MAT,f32,5120x1x1x1,,l986;n3697,63,977,ffn_fused
3699,ADD,f32,5120x1x1x1,,n3698;n3692,63,978,residual_add
3700,GET_ROWS,f32,5120x1x1x1,,n3699;l987,post,979,logits_row_select
3701,RMS_NORM,f32,5120x1x1x1,eps=9.999999975e-07,n3700,post,980,rmsnorm
3702,MUL,f32,5120x1x1x1,,n3701;l988,post,980,rmsnorm
3703,MUL_MAT,f32,248320x1x1x1,,l989;n3702,post,981,head_gemv
